--
-- Database: `crud`
--

-- --------------------------------------------------------

--
-- Table structure for table `banshee_ciudad`
--

CREATE TABLE `banshee_ciudad` (
  `ciudad_id` int(11) NOT NULL,
  `departamento_id` int(11) DEFAULT NULL,
  `nombre` varchar(30) DEFAULT NULL
) ENGINE=InnoDB DEFAULT CHARSET=utf8;

--
-- Dumping data for table `banshee_ciudad`
--

INSERT INTO `banshee_ciudad` (`ciudad_id`, `departamento_id`, `nombre`) VALUES
(1, 1, 'Bombuflat'),
(2, 1, 'Garacharma'),
(3, 1, 'Port Blair'),
(4, 1, 'Rangat'),
(5, 2, 'Addanki'),
(6, 2, 'Adivivaram'),
(7, 2, 'Adoni'),
(8, 2, 'Aganampudi'),
(9, 2, 'Ajjaram'),
(10, 2, 'Akividu'),
(11, 2, 'Akkarampalle'),
(12, 2, 'Akkayapalle'),
(13, 2, 'Akkireddipalem'),
(14, 2, 'Alampur'),
(15, 2, 'Amalapuram'),
(16, 2, 'Amudalavalasa'),
(17, 2, 'Amur'),
(18, 2, 'Anakapalle'),
(19, 2, 'Anantapur'),
(20, 2, 'Andole'),
(21, 2, 'Atmakur'),
(22, 2, 'Attili'),
(23, 2, 'Avanigadda'),
(24, 2, 'Badepalli'),
(25, 2, 'Badvel'),
(26, 2, 'Balapur'),
(27, 2, 'Bandarulanka'),
(28, 2, 'Banganapalle'),
(29, 2, 'Bapatla'),
(30, 2, 'Bapulapadu'),
(31, 2, 'Belampalli'),
(32, 2, 'Bestavaripeta'),
(33, 2, 'Betamcherla'),
(34, 2, 'Bhattiprolu'),
(35, 2, 'Bhimavaram'),
(36, 2, 'Bhimunipatnam'),
(37, 2, 'Bobbili'),
(38, 2, 'Bombuflat'),
(39, 2, 'Bommuru'),
(40, 2, 'Bugganipalle'),
(41, 2, 'Challapalle'),
(42, 2, 'Chandur'),
(43, 2, 'Chatakonda'),
(44, 2, 'Chemmumiahpet'),
(45, 2, 'Chidiga'),
(46, 2, 'Chilakaluripet'),
(47, 2, 'Chimakurthy'),
(48, 2, 'Chinagadila'),
(49, 2, 'Chinagantyada'),
(50, 2, 'Chinnachawk'),
(51, 2, 'Chintalavalasa'),
(52, 2, 'Chipurupalle'),
(53, 2, 'Chirala'),
(54, 2, 'Chittoor'),
(55, 2, 'Chodavaram'),
(56, 2, 'Choutuppal'),
(57, 2, 'Chunchupalle'),
(58, 2, 'Cuddapah'),
(59, 2, 'Cumbum'),
(60, 2, 'Darnakal'),
(61, 2, 'Dasnapur'),
(62, 2, 'Dauleshwaram'),
(63, 2, 'Dharmavaram'),
(64, 2, 'Dhone'),
(65, 2, 'Dommara Nandyal'),
(66, 2, 'Dowlaiswaram'),
(67, 2, 'East Godavari Dist.'),
(68, 2, 'Eddumailaram'),
(69, 2, 'Edulapuram'),
(70, 2, 'Ekambara kuppam'),
(71, 2, 'Eluru'),
(72, 2, 'Enikapadu'),
(73, 2, 'Fakirtakya'),
(74, 2, 'Farrukhnagar'),
(75, 2, 'Gaddiannaram'),
(76, 2, 'Gajapathinagaram'),
(77, 2, 'Gajularega'),
(78, 2, 'Gajuvaka'),
(79, 2, 'Gannavaram'),
(80, 2, 'Garacharma'),
(81, 2, 'Garimellapadu'),
(82, 2, 'Giddalur'),
(83, 2, 'Godavarikhani'),
(84, 2, 'Gopalapatnam'),
(85, 2, 'Gopalur'),
(86, 2, 'Gorrekunta'),
(87, 2, 'Gudivada'),
(88, 2, 'Gudur'),
(89, 2, 'Guntakal'),
(90, 2, 'Guntur'),
(91, 2, 'Guti'),
(92, 2, 'Hindupur'),
(93, 2, 'Hukumpeta'),
(94, 2, 'Ichchapuram'),
(95, 2, 'Isnapur'),
(96, 2, 'Jaggayyapeta'),
(97, 2, 'Jallaram Kamanpur'),
(98, 2, 'Jammalamadugu'),
(99, 2, 'Jangampalli'),
(100, 2, 'Jarjapupeta'),
(101, 2, 'Kadiri'),
(102, 2, 'Kaikalur'),
(103, 2, 'Kakinada'),
(104, 2, 'Kallur'),
(105, 2, 'Kalyandurg'),
(106, 2, 'Kamalapuram'),
(107, 2, 'Kamareddi'),
(108, 2, 'Kanapaka'),
(109, 2, 'Kanigiri'),
(110, 2, 'Kanithi'),
(111, 2, 'Kankipadu'),
(112, 2, 'Kantabamsuguda'),
(113, 2, 'Kanuru'),
(114, 2, 'Karnul'),
(115, 2, 'Katheru'),
(116, 2, 'Kavali'),
(117, 2, 'Kazipet'),
(118, 2, 'Khanapuram Haveli'),
(119, 2, 'Kodar'),
(120, 2, 'Kollapur'),
(121, 2, 'Kondapalem'),
(122, 2, 'Kondapalle'),
(123, 2, 'Kondukur'),
(124, 2, 'Kosgi'),
(125, 2, 'Kothavalasa'),
(126, 2, 'Kottapalli'),
(127, 2, 'Kovur'),
(128, 2, 'Kovurpalle'),
(129, 2, 'Kovvur'),
(130, 2, 'Krishna'),
(131, 2, 'Kuppam'),
(132, 2, 'Kurmannapalem'),
(133, 2, 'Kurnool'),
(134, 2, 'Lakshettipet'),
(135, 2, 'Lalbahadur Nagar'),
(136, 2, 'Machavaram'),
(137, 2, 'Macherla'),
(138, 2, 'Machilipatnam'),
(139, 2, 'Madanapalle'),
(140, 2, 'Madaram'),
(141, 2, 'Madhuravada'),
(142, 2, 'Madikonda'),
(143, 2, 'Madugule'),
(144, 2, 'Mahabubnagar'),
(145, 2, 'Mahbubabad'),
(146, 2, 'Malkajgiri'),
(147, 2, 'Mamilapalle'),
(148, 2, 'Mancheral'),
(149, 2, 'Mandapeta'),
(150, 2, 'Mandasa'),
(151, 2, 'Mangalagiri'),
(152, 2, 'Manthani'),
(153, 2, 'Markapur'),
(154, 2, 'Marturu'),
(155, 2, 'Metpalli'),
(156, 2, 'Mindi'),
(157, 2, 'Mirpet'),
(158, 2, 'Moragudi'),
(159, 2, 'Mothugudam'),
(160, 2, 'Nagari'),
(161, 2, 'Nagireddipalle'),
(162, 2, 'Nandigama'),
(163, 2, 'Nandikotkur'),
(164, 2, 'Nandyal'),
(165, 2, 'Narasannapeta'),
(166, 2, 'Narasapur'),
(167, 2, 'Narasaraopet'),
(168, 2, 'Narayanavanam'),
(169, 2, 'Narsapur'),
(170, 2, 'Narsingi'),
(171, 2, 'Narsipatnam'),
(172, 2, 'Naspur'),
(173, 2, 'Nathayyapalem'),
(174, 2, 'Nayudupeta'),
(175, 2, 'Nelimaria'),
(176, 2, 'Nellore'),
(177, 2, 'Nidadavole'),
(178, 2, 'Nuzvid'),
(179, 2, 'Omerkhan daira'),
(180, 2, 'Ongole'),
(181, 2, 'Osmania University'),
(182, 2, 'Pakala'),
(183, 2, 'Palakole'),
(184, 2, 'Palakurthi'),
(185, 2, 'Palasa'),
(186, 2, 'Palempalle'),
(187, 2, 'Palkonda'),
(188, 2, 'Palmaner'),
(189, 2, 'Pamur'),
(190, 2, 'Panjim'),
(191, 2, 'Papampeta'),
(192, 2, 'Parasamba'),
(193, 2, 'Parvatipuram'),
(194, 2, 'Patancheru'),
(195, 2, 'Payakaraopet'),
(196, 2, 'Pedagantyada'),
(197, 2, 'Pedana'),
(198, 2, 'Peddapuram'),
(199, 2, 'Pendurthi'),
(200, 2, 'Penugonda'),
(201, 2, 'Penukonda'),
(202, 2, 'Phirangipuram'),
(203, 2, 'Pithapuram'),
(204, 2, 'Ponnur'),
(205, 2, 'Port Blair'),
(206, 2, 'Pothinamallayyapalem'),
(207, 2, 'Prakasam'),
(208, 2, 'Prasadampadu'),
(209, 2, 'Prasantinilayam'),
(210, 2, 'Proddatur'),
(211, 2, 'Pulivendla'),
(212, 2, 'Punganuru'),
(213, 2, 'Puttur'),
(214, 2, 'Qutubullapur'),
(215, 2, 'Rajahmundry'),
(216, 2, 'Rajamahendri'),
(217, 2, 'Rajampet'),
(218, 2, 'Rajendranagar'),
(219, 2, 'Rajoli'),
(220, 2, 'Ramachandrapuram'),
(221, 2, 'Ramanayyapeta'),
(222, 2, 'Ramapuram'),
(223, 2, 'Ramarajupalli'),
(224, 2, 'Ramavarappadu'),
(225, 2, 'Rameswaram'),
(226, 2, 'Rampachodavaram'),
(227, 2, 'Ravulapalam'),
(228, 2, 'Rayachoti'),
(229, 2, 'Rayadrug'),
(230, 2, 'Razam'),
(231, 2, 'Razole'),
(232, 2, 'Renigunta'),
(233, 2, 'Repalle'),
(234, 2, 'Rishikonda'),
(235, 2, 'Salur'),
(236, 2, 'Samalkot'),
(237, 2, 'Sattenapalle'),
(238, 2, 'Seetharampuram'),
(239, 2, 'Serilungampalle'),
(240, 2, 'Shankarampet'),
(241, 2, 'Shar'),
(242, 2, 'Singarayakonda'),
(243, 2, 'Sirpur'),
(244, 2, 'Sirsilla'),
(245, 2, 'Sompeta'),
(246, 2, 'Sriharikota'),
(247, 2, 'Srikakulam'),
(248, 2, 'Srikalahasti'),
(249, 2, 'Sriramnagar'),
(250, 2, 'Sriramsagar'),
(251, 2, 'Srisailam'),
(252, 2, 'Srisailamgudem Devasthanam'),
(253, 2, 'Sulurpeta'),
(254, 2, 'Suriapet'),
(255, 2, 'Suryaraopet'),
(256, 2, 'Tadepalle'),
(257, 2, 'Tadepalligudem'),
(258, 2, 'Tadpatri'),
(259, 2, 'Tallapalle'),
(260, 2, 'Tanuku'),
(261, 2, 'Tekkali'),
(262, 2, 'Tenali'),
(263, 2, 'Tigalapahad'),
(264, 2, 'Tiruchanur'),
(265, 2, 'Tirumala'),
(266, 2, 'Tirupati'),
(267, 2, 'Tirvuru'),
(268, 2, 'Trimulgherry'),
(269, 2, 'Tuni'),
(270, 2, 'Turangi'),
(271, 2, 'Ukkayapalli'),
(272, 2, 'Ukkunagaram'),
(273, 2, 'Uppal Kalan'),
(274, 2, 'Upper Sileru'),
(275, 2, 'Uravakonda'),
(276, 2, 'Vadlapudi'),
(277, 2, 'Vaparala'),
(278, 2, 'Vemalwada'),
(279, 2, 'Venkatagiri'),
(280, 2, 'Venkatapuram'),
(281, 2, 'Vepagunta'),
(282, 2, 'Vetapalem'),
(283, 2, 'Vijayapuri'),
(284, 2, 'Vijayapuri South'),
(285, 2, 'Vijayawada'),
(286, 2, 'Vinukonda'),
(287, 2, 'Visakhapatnam'),
(288, 2, 'Vizianagaram'),
(289, 2, 'Vuyyuru'),
(290, 2, 'Wanparti'),
(291, 2, 'West Godavari Dist.'),
(292, 2, 'Yadagirigutta'),
(293, 2, 'Yarada'),
(294, 2, 'Yellamanchili'),
(295, 2, 'Yemmiganur'),
(296, 2, 'Yenamalakudru'),
(297, 2, 'Yendada'),
(298, 2, 'Yerraguntla'),
(299, 3, 'Along'),
(300, 3, 'Basar'),
(301, 3, 'Bondila'),
(302, 3, 'Changlang'),
(303, 3, 'Daporijo'),
(304, 3, 'Deomali'),
(305, 3, 'Itanagar'),
(306, 3, 'Jairampur'),
(307, 3, 'Khonsa'),
(308, 3, 'Naharlagun'),
(309, 3, 'Namsai'),
(310, 3, 'Pasighat'),
(311, 3, 'Roing'),
(312, 3, 'Seppa'),
(313, 3, 'Tawang'),
(314, 3, 'Tezu'),
(315, 3, 'Ziro'),
(316, 4, 'Abhayapuri'),
(317, 4, 'Ambikapur'),
(318, 4, 'Amguri'),
(319, 4, 'Anand Nagar'),
(320, 4, 'Badarpur'),
(321, 4, 'Badarpur Railway Town'),
(322, 4, 'Bahbari Gaon'),
(323, 4, 'Bamun Sualkuchi'),
(324, 4, 'Barbari'),
(325, 4, 'Barpathar'),
(326, 4, 'Barpeta'),
(327, 4, 'Barpeta Road'),
(328, 4, 'Basugaon'),
(329, 4, 'Bihpuria'),
(330, 4, 'Bijni'),
(331, 4, 'Bilasipara'),
(332, 4, 'Biswanath Chariali'),
(333, 4, 'Bohori'),
(334, 4, 'Bokajan'),
(335, 4, 'Bokokhat'),
(336, 4, 'Bongaigaon'),
(337, 4, 'Bongaigaon Petro-chemical Town'),
(338, 4, 'Borgolai'),
(339, 4, 'Chabua'),
(340, 4, 'Chandrapur Bagicha'),
(341, 4, 'Chapar'),
(342, 4, 'Chekonidhara'),
(343, 4, 'Choto Haibor'),
(344, 4, 'Dergaon'),
(345, 4, 'Dharapur'),
(346, 4, 'Dhekiajuli'),
(347, 4, 'Dhemaji'),
(348, 4, 'Dhing'),
(349, 4, 'Dhubri'),
(350, 4, 'Dhuburi'),
(351, 4, 'Dibrugarh'),
(352, 4, 'Digboi'),
(353, 4, 'Digboi Oil Town'),
(354, 4, 'Dimaruguri'),
(355, 4, 'Diphu'),
(356, 4, 'Dispur'),
(357, 4, 'Doboka'),
(358, 4, 'Dokmoka'),
(359, 4, 'Donkamokan'),
(360, 4, 'Duliagaon'),
(361, 4, 'Duliajan'),
(362, 4, 'Duliajan No.1'),
(363, 4, 'Dum Duma'),
(364, 4, 'Durga Nagar'),
(365, 4, 'Gauripur'),
(366, 4, 'Goalpara'),
(367, 4, 'Gohpur'),
(368, 4, 'Golaghat'),
(369, 4, 'Golakganj'),
(370, 4, 'Gossaigaon'),
(371, 4, 'Guwahati'),
(372, 4, 'Haflong'),
(373, 4, 'Hailakandi'),
(374, 4, 'Hamren'),
(375, 4, 'Hauli'),
(376, 4, 'Hauraghat'),
(377, 4, 'Hojai'),
(378, 4, 'Jagiroad'),
(379, 4, 'Jagiroad Paper Mill'),
(380, 4, 'Jogighopa'),
(381, 4, 'Jonai Bazar'),
(382, 4, 'Jorhat'),
(383, 4, 'Kampur Town'),
(384, 4, 'Kamrup'),
(385, 4, 'Kanakpur'),
(386, 4, 'Karimganj'),
(387, 4, 'Kharijapikon'),
(388, 4, 'Kharupetia'),
(389, 4, 'Kochpara'),
(390, 4, 'Kokrajhar'),
(391, 4, 'Kumar Kaibarta Gaon'),
(392, 4, 'Lakhimpur'),
(393, 4, 'Lakhipur'),
(394, 4, 'Lala'),
(395, 4, 'Lanka'),
(396, 4, 'Lido Tikok'),
(397, 4, 'Lido Town'),
(398, 4, 'Lumding'),
(399, 4, 'Lumding Railway Colony'),
(400, 4, 'Mahur'),
(401, 4, 'Maibong'),
(402, 4, 'Majgaon'),
(403, 4, 'Makum'),
(404, 4, 'Mangaldai'),
(405, 4, 'Mankachar'),
(406, 4, 'Margherita'),
(407, 4, 'Mariani'),
(408, 4, 'Marigaon'),
(409, 4, 'Moran'),
(410, 4, 'Moranhat'),
(411, 4, 'Nagaon'),
(412, 4, 'Naharkatia'),
(413, 4, 'Nalbari'),
(414, 4, 'Namrup'),
(415, 4, 'Naubaisa Gaon'),
(416, 4, 'Nazira'),
(417, 4, 'New Bongaigaon Railway Colony'),
(418, 4, 'Niz-Hajo'),
(419, 4, 'North Guwahati'),
(420, 4, 'Numaligarh'),
(421, 4, 'Palasbari'),
(422, 4, 'Panchgram'),
(423, 4, 'Pathsala'),
(424, 4, 'Raha'),
(425, 4, 'Rangapara'),
(426, 4, 'Rangia'),
(427, 4, 'Salakati'),
(428, 4, 'Sapatgram'),
(429, 4, 'Sarthebari'),
(430, 4, 'Sarupathar'),
(431, 4, 'Sarupathar Bengali'),
(432, 4, 'Senchoagaon'),
(433, 4, 'Sibsagar'),
(434, 4, 'Silapathar'),
(435, 4, 'Silchar'),
(436, 4, 'Silchar Part-X'),
(437, 4, 'Sonari'),
(438, 4, 'Sorbhog'),
(439, 4, 'Sualkuchi'),
(440, 4, 'Tangla'),
(441, 4, 'Tezpur'),
(442, 4, 'Tihu'),
(443, 4, 'Tinsukia'),
(444, 4, 'Titabor'),
(445, 4, 'Udalguri'),
(446, 4, 'Umrangso'),
(447, 4, 'Uttar Krishnapur Part-I'),
(448, 5, 'Amarpur'),
(449, 5, 'Ara'),
(450, 5, 'Araria'),
(451, 5, 'Areraj'),
(452, 5, 'Asarganj'),
(453, 5, 'Aurangabad'),
(454, 5, 'Bagaha'),
(455, 5, 'Bahadurganj'),
(456, 5, 'Bairgania'),
(457, 5, 'Bakhtiyarpur'),
(458, 5, 'Banka'),
(459, 5, 'Banmankhi'),
(460, 5, 'Bar Bigha'),
(461, 5, 'Barauli'),
(462, 5, 'Barauni Oil Township'),
(463, 5, 'Barh'),
(464, 5, 'Barhiya'),
(465, 5, 'Bariapur'),
(466, 5, 'Baruni'),
(467, 5, 'Begusarai'),
(468, 5, 'Behea'),
(469, 5, 'Belsand'),
(470, 5, 'Bettiah'),
(471, 5, 'Bhabua'),
(472, 5, 'Bhagalpur'),
(473, 5, 'Bhimnagar'),
(474, 5, 'Bhojpur'),
(475, 5, 'Bihar'),
(476, 5, 'Bihar Sharif'),
(477, 5, 'Bihariganj'),
(478, 5, 'Bikramganj'),
(479, 5, 'Birpur'),
(480, 5, 'Bodh Gaya'),
(481, 5, 'Buxar'),
(482, 5, 'Chakia'),
(483, 5, 'Chanpatia'),
(484, 5, 'Chhapra'),
(485, 5, 'Chhatapur'),
(486, 5, 'Colgong'),
(487, 5, 'Dalsingh Sarai'),
(488, 5, 'Darbhanga'),
(489, 5, 'Daudnagar'),
(490, 5, 'Dehri'),
(491, 5, 'Dhaka'),
(492, 5, 'Dighwara'),
(493, 5, 'Dinapur'),
(494, 5, 'Dinapur Cantonment'),
(495, 5, 'Dumra'),
(496, 5, 'Dumraon'),
(497, 5, 'Fatwa'),
(498, 5, 'Forbesganj'),
(499, 5, 'Gaya'),
(500, 5, 'Gazipur'),
(501, 5, 'Ghoghardiha'),
(502, 5, 'Gogri Jamalpur'),
(503, 5, 'Gopalganj'),
(504, 5, 'Habibpur'),
(505, 5, 'Hajipur'),
(506, 5, 'Hasanpur'),
(507, 5, 'Hazaribagh'),
(508, 5, 'Hilsa'),
(509, 5, 'Hisua'),
(510, 5, 'Islampur'),
(511, 5, 'Jagdispur'),
(512, 5, 'Jahanabad'),
(513, 5, 'Jamalpur'),
(514, 5, 'Jamhaur'),
(515, 5, 'Jamui'),
(516, 5, 'Janakpur Road'),
(517, 5, 'Janpur'),
(518, 5, 'Jaynagar'),
(519, 5, 'Jha Jha'),
(520, 5, 'Jhanjharpur'),
(521, 5, 'Jogbani'),
(522, 5, 'Kanti'),
(523, 5, 'Kasba'),
(524, 5, 'Kataiya'),
(525, 5, 'Katihar'),
(526, 5, 'Khagaria'),
(527, 5, 'Khagaul'),
(528, 5, 'Kharagpur'),
(529, 5, 'Khusrupur'),
(530, 5, 'Kishanganj'),
(531, 5, 'Koath'),
(532, 5, 'Koilwar'),
(533, 5, 'Lakhisarai'),
(534, 5, 'Lalganj'),
(535, 5, 'Lauthaha'),
(536, 5, 'Madhepura'),
(537, 5, 'Madhubani'),
(538, 5, 'Maharajganj'),
(539, 5, 'Mahnar Bazar'),
(540, 5, 'Mairwa'),
(541, 5, 'Makhdumpur'),
(542, 5, 'Maner'),
(543, 5, 'Manihari'),
(544, 5, 'Marhaura'),
(545, 5, 'Masaurhi'),
(546, 5, 'Mirganj'),
(547, 5, 'Mohiuddinagar'),
(548, 5, 'Mokama'),
(549, 5, 'Motihari'),
(550, 5, 'Motipur'),
(551, 5, 'Munger'),
(552, 5, 'Murliganj'),
(553, 5, 'Muzaffarpur'),
(554, 5, 'Nabinagar'),
(555, 5, 'Narkatiaganj'),
(556, 5, 'Nasriganj'),
(557, 5, 'Natwar'),
(558, 5, 'Naugachhia'),
(559, 5, 'Nawada'),
(560, 5, 'Nirmali'),
(561, 5, 'Nokha'),
(562, 5, 'Paharpur'),
(563, 5, 'Patna'),
(564, 5, 'Phulwari'),
(565, 5, 'Piro'),
(566, 5, 'Purnia'),
(567, 5, 'Pusa'),
(568, 5, 'Rafiganj'),
(569, 5, 'Raghunathpur'),
(570, 5, 'Rajgir'),
(571, 5, 'Ramnagar'),
(572, 5, 'Raxaul'),
(573, 5, 'Revelganj'),
(574, 5, 'Rusera'),
(575, 5, 'Sagauli'),
(576, 5, 'Saharsa'),
(577, 5, 'Samastipur'),
(578, 5, 'Sasaram'),
(579, 5, 'Shahpur'),
(580, 5, 'Shaikhpura'),
(581, 5, 'Sherghati'),
(582, 5, 'Shivhar'),
(583, 5, 'Silao'),
(584, 5, 'Sitamarhi'),
(585, 5, 'Siwan'),
(586, 5, 'Sonepur'),
(587, 5, 'Sultanganj'),
(588, 5, 'Supaul'),
(589, 5, 'Teghra'),
(590, 5, 'Tekari'),
(591, 5, 'Thakurganj'),
(592, 5, 'Vaishali'),
(593, 5, 'Waris Aliganj'),
(594, 6, 'Chandigarh'),
(595, 7, 'Ahiwara'),
(596, 7, 'Akaltara'),
(597, 7, 'Ambagarh Chauki'),
(598, 7, 'Ambikapur'),
(599, 7, 'Arang'),
(600, 7, 'Bade Bacheli'),
(601, 7, 'Bagbahara'),
(602, 7, 'Baikunthpur'),
(603, 7, 'Balod'),
(604, 7, 'Baloda'),
(605, 7, 'Baloda Bazar'),
(606, 7, 'Banarsi'),
(607, 7, 'Basna'),
(608, 7, 'Bemetra'),
(609, 7, 'Bhanpuri'),
(610, 7, 'Bhatapara'),
(611, 7, 'Bhatgaon'),
(612, 7, 'Bhilai'),
(613, 7, 'Bilaspur'),
(614, 7, 'Bilha'),
(615, 7, 'Birgaon'),
(616, 7, 'Bodri'),
(617, 7, 'Champa'),
(618, 7, 'Charcha'),
(619, 7, 'Charoda'),
(620, 7, 'Chhuikhadan'),
(621, 7, 'Chirmiri'),
(622, 7, 'Dantewada'),
(623, 7, 'Deori'),
(624, 7, 'Dhamdha'),
(625, 7, 'Dhamtari'),
(626, 7, 'Dharamjaigarh'),
(627, 7, 'Dipka'),
(628, 7, 'Doman Hill Colliery'),
(629, 7, 'Dongargaon'),
(630, 7, 'Dongragarh'),
(631, 7, 'Durg'),
(632, 7, 'Frezarpur'),
(633, 7, 'Gandai'),
(634, 7, 'Gariaband'),
(635, 7, 'Gaurela'),
(636, 7, 'Gelhapani'),
(637, 7, 'Gharghoda'),
(638, 7, 'Gidam'),
(639, 7, 'Gobra Nawapara'),
(640, 7, 'Gogaon'),
(641, 7, 'Hatkachora'),
(642, 7, 'Jagdalpur'),
(643, 7, 'Jamui'),
(644, 7, 'Jashpurnagar'),
(645, 7, 'Jhagrakhand'),
(646, 7, 'Kanker'),
(647, 7, 'Katghora'),
(648, 7, 'Kawardha'),
(649, 7, 'Khairagarh'),
(650, 7, 'Khamhria'),
(651, 7, 'Kharod'),
(652, 7, 'Kharsia'),
(653, 7, 'Khonga Pani'),
(654, 7, 'Kirandu'),
(655, 7, 'Kirandul'),
(656, 7, 'Kohka'),
(657, 7, 'Kondagaon'),
(658, 7, 'Korba'),
(659, 7, 'Korea'),
(660, 7, 'Koria Block'),
(661, 7, 'Kota'),
(662, 7, 'Kumhari'),
(663, 7, 'Kumud Katta'),
(664, 7, 'Kurasia'),
(665, 7, 'Kurud'),
(666, 7, 'Lingiyadih'),
(667, 7, 'Lormi'),
(668, 7, 'Mahasamund'),
(669, 7, 'Mahendragarh'),
(670, 7, 'Mehmand'),
(671, 7, 'Mongra'),
(672, 7, 'Mowa'),
(673, 7, 'Mungeli'),
(674, 7, 'Nailajanjgir'),
(675, 7, 'Namna Kalan'),
(676, 7, 'Naya Baradwar'),
(677, 7, 'Pandariya'),
(678, 7, 'Patan'),
(679, 7, 'Pathalgaon'),
(680, 7, 'Pendra'),
(681, 7, 'Phunderdihari'),
(682, 7, 'Pithora'),
(683, 7, 'Raigarh'),
(684, 7, 'Raipur'),
(685, 7, 'Rajgamar'),
(686, 7, 'Rajhara'),
(687, 7, 'Rajnandgaon'),
(688, 7, 'Ramanuj Ganj'),
(689, 7, 'Ratanpur'),
(690, 7, 'Sakti'),
(691, 7, 'Saraipali'),
(692, 7, 'Sarajpur'),
(693, 7, 'Sarangarh'),
(694, 7, 'Shivrinarayan'),
(695, 7, 'Simga'),
(696, 7, 'Sirgiti'),
(697, 7, 'Takhatpur'),
(698, 7, 'Telgaon'),
(699, 7, 'Tildanewra'),
(700, 7, 'Urla'),
(701, 7, 'Vishrampur'),
(702, 8, 'Amli'),
(703, 8, 'Silvassa'),
(704, 9, 'Daman'),
(705, 9, 'Diu'),
(706, 10, 'Delhi'),
(707, 10, 'New Delhi'),
(708, 11, 'Aldona'),
(709, 11, 'Altinho'),
(710, 11, 'Aquem'),
(711, 11, 'Arpora'),
(712, 11, 'Bambolim'),
(713, 11, 'Bandora'),
(714, 11, 'Bardez'),
(715, 11, 'Benaulim'),
(716, 11, 'Betora'),
(717, 11, 'Bicholim'),
(718, 11, 'Calapor'),
(719, 11, 'Candolim'),
(720, 11, 'Caranzalem'),
(721, 11, 'Carapur'),
(722, 11, 'Chicalim'),
(723, 11, 'Chimbel'),
(724, 11, 'Chinchinim'),
(725, 11, 'Colvale'),
(726, 11, 'Corlim'),
(727, 11, 'Cortalim'),
(728, 11, 'Cuncolim'),
(729, 11, 'Curchorem'),
(730, 11, 'Curti'),
(731, 11, 'Davorlim'),
(732, 11, 'Dona Paula'),
(733, 11, 'Goa'),
(734, 11, 'Guirim'),
(735, 11, 'Jua'),
(736, 11, 'Kalangat'),
(737, 11, 'Kankon'),
(738, 11, 'Kundaim'),
(739, 11, 'Loutulim'),
(740, 11, 'Madgaon'),
(741, 11, 'Mapusa'),
(742, 11, 'Margao'),
(743, 11, 'Margaon'),
(744, 11, 'Miramar'),
(745, 11, 'Morjim'),
(746, 11, 'Mormugao'),
(747, 11, 'Navelim'),
(748, 11, 'Pale'),
(749, 11, 'Panaji'),
(750, 11, 'Parcem'),
(751, 11, 'Parra'),
(752, 11, 'Penha de Franca'),
(753, 11, 'Pernem'),
(754, 11, 'Pilerne'),
(755, 11, 'Pissurlem'),
(756, 11, 'Ponda'),
(757, 11, 'Porvorim'),
(758, 11, 'Quepem'),
(759, 11, 'Queula'),
(760, 11, 'Raia'),
(761, 11, 'Reis Magos'),
(762, 11, 'Salcette'),
(763, 11, 'Saligao'),
(764, 11, 'Sancoale'),
(765, 11, 'Sanguem'),
(766, 11, 'Sanquelim'),
(767, 11, 'Sanvordem'),
(768, 11, 'Sao Jose-de-Areal'),
(769, 11, 'Sattari'),
(770, 11, 'Serula'),
(771, 11, 'Sinquerim'),
(772, 11, 'Siolim'),
(773, 11, 'Taleigao'),
(774, 11, 'Tivim'),
(775, 11, 'Valpoi'),
(776, 11, 'Varca'),
(777, 11, 'Vasco'),
(778, 11, 'Verna'),
(779, 12, 'Abrama'),
(780, 12, 'Adalaj'),
(781, 12, 'Adityana'),
(782, 12, 'Advana'),
(783, 12, 'Ahmedabad'),
(784, 12, 'Ahwa'),
(785, 12, 'Alang'),
(786, 12, 'Ambaji'),
(787, 12, 'Ambaliyasan'),
(788, 12, 'Amod'),
(789, 12, 'Amreli'),
(790, 12, 'Amroli'),
(791, 12, 'Anand'),
(792, 12, 'Andada'),
(793, 12, 'Anjar'),
(794, 12, 'Anklav'),
(795, 12, 'Ankleshwar'),
(796, 12, 'Anklesvar INA'),
(797, 12, 'Antaliya'),
(798, 12, 'Arambhada'),
(799, 12, 'Asarma'),
(800, 12, 'Atul'),
(801, 12, 'Babra'),
(802, 12, 'Bag-e-Firdosh'),
(803, 12, 'Bagasara'),
(804, 12, 'Bahadarpar'),
(805, 12, 'Bajipura'),
(806, 12, 'Bajva'),
(807, 12, 'Balasinor'),
(808, 12, 'Banaskantha'),
(809, 12, 'Bansda'),
(810, 12, 'Bantva'),
(811, 12, 'Bardoli'),
(812, 12, 'Barwala'),
(813, 12, 'Bayad'),
(814, 12, 'Bechar'),
(815, 12, 'Bedi'),
(816, 12, 'Beyt'),
(817, 12, 'Bhachau'),
(818, 12, 'Bhanvad'),
(819, 12, 'Bharuch'),
(820, 12, 'Bharuch INA'),
(821, 12, 'Bhavnagar'),
(822, 12, 'Bhayavadar'),
(823, 12, 'Bhestan'),
(824, 12, 'Bhuj'),
(825, 12, 'Bilimora'),
(826, 12, 'Bilkha'),
(827, 12, 'Billimora'),
(828, 12, 'Bodakdev'),
(829, 12, 'Bodeli'),
(830, 12, 'Bopal'),
(831, 12, 'Boria'),
(832, 12, 'Boriavi'),
(833, 12, 'Borsad'),
(834, 12, 'Botad'),
(835, 12, 'Cambay'),
(836, 12, 'Chaklasi'),
(837, 12, 'Chala'),
(838, 12, 'Chalala'),
(839, 12, 'Chalthan'),
(840, 12, 'Chanasma'),
(841, 12, 'Chandisar'),
(842, 12, 'Chandkheda'),
(843, 12, 'Chanod'),
(844, 12, 'Chaya'),
(845, 12, 'Chenpur'),
(846, 12, 'Chhapi'),
(847, 12, 'Chhaprabhatha'),
(848, 12, 'Chhatral'),
(849, 12, 'Chhota Udepur'),
(850, 12, 'Chikhli'),
(851, 12, 'Chiloda'),
(852, 12, 'Chorvad'),
(853, 12, 'Chotila'),
(854, 12, 'Dabhoi'),
(855, 12, 'Dadara'),
(856, 12, 'Dahod'),
(857, 12, 'Dakor'),
(858, 12, 'Damnagar'),
(859, 12, 'Deesa'),
(860, 12, 'Delvada'),
(861, 12, 'Devgadh Baria'),
(862, 12, 'Devsar'),
(863, 12, 'Dhandhuka'),
(864, 12, 'Dhanera'),
(865, 12, 'Dhangdhra'),
(866, 12, 'Dhansura'),
(867, 12, 'Dharampur'),
(868, 12, 'Dhari'),
(869, 12, 'Dhola'),
(870, 12, 'Dholka'),
(871, 12, 'Dholka Rural'),
(872, 12, 'Dhoraji'),
(873, 12, 'Dhrangadhra'),
(874, 12, 'Dhrol'),
(875, 12, 'Dhuva'),
(876, 12, 'Dhuwaran'),
(877, 12, 'Digvijaygram'),
(878, 12, 'Disa'),
(879, 12, 'Dungar'),
(880, 12, 'Dungarpur'),
(881, 12, 'Dungra'),
(882, 12, 'Dwarka'),
(883, 12, 'Flelanganj'),
(884, 12, 'GSFC Complex'),
(885, 12, 'Gadhda'),
(886, 12, 'Gandevi'),
(887, 12, 'Gandhidham'),
(888, 12, 'Gandhinagar'),
(889, 12, 'Gariadhar'),
(890, 12, 'Ghogha'),
(891, 12, 'Godhra'),
(892, 12, 'Gondal'),
(893, 12, 'Hajira INA'),
(894, 12, 'Halol'),
(895, 12, 'Halvad'),
(896, 12, 'Hansot'),
(897, 12, 'Harij'),
(898, 12, 'Himatnagar'),
(899, 12, 'Ichchhapor'),
(900, 12, 'Idar'),
(901, 12, 'Jafrabad'),
(902, 12, 'Jalalpore'),
(903, 12, 'Jambusar'),
(904, 12, 'Jamjodhpur'),
(905, 12, 'Jamnagar'),
(906, 12, 'Jasdan'),
(907, 12, 'Jawaharnagar'),
(908, 12, 'Jetalsar'),
(909, 12, 'Jetpur'),
(910, 12, 'Jodiya'),
(911, 12, 'Joshipura'),
(912, 12, 'Junagadh'),
(913, 12, 'Kadi'),
(914, 12, 'Kadodara'),
(915, 12, 'Kalavad'),
(916, 12, 'Kali'),
(917, 12, 'Kaliawadi'),
(918, 12, 'Kalol'),
(919, 12, 'Kalol INA'),
(920, 12, 'Kandla'),
(921, 12, 'Kanjari'),
(922, 12, 'Kanodar'),
(923, 12, 'Kapadwanj'),
(924, 12, 'Karachiya'),
(925, 12, 'Karamsad'),
(926, 12, 'Karjan'),
(927, 12, 'Kathial'),
(928, 12, 'Kathor'),
(929, 12, 'Katpar'),
(930, 12, 'Kavant'),
(931, 12, 'Keshod'),
(932, 12, 'Kevadiya'),
(933, 12, 'Khambhaliya'),
(934, 12, 'Khambhat'),
(935, 12, 'Kharaghoda'),
(936, 12, 'Khed Brahma'),
(937, 12, 'Kheda'),
(938, 12, 'Kheralu'),
(939, 12, 'Kodinar'),
(940, 12, 'Kosamba'),
(941, 12, 'Kundla'),
(942, 12, 'Kutch'),
(943, 12, 'Kutiyana'),
(944, 12, 'Lakhtar'),
(945, 12, 'Lalpur'),
(946, 12, 'Lambha'),
(947, 12, 'Lathi'),
(948, 12, 'Limbdi'),
(949, 12, 'Limla'),
(950, 12, 'Lunavada'),
(951, 12, 'Madhapar'),
(952, 12, 'Maflipur'),
(953, 12, 'Mahemdavad'),
(954, 12, 'Mahudha'),
(955, 12, 'Mahuva'),
(956, 12, 'Mahuvar'),
(957, 12, 'Makarba'),
(958, 12, 'Makarpura'),
(959, 12, 'Makassar'),
(960, 12, 'Maktampur'),
(961, 12, 'Malia'),
(962, 12, 'Malpur'),
(963, 12, 'Manavadar'),
(964, 12, 'Mandal'),
(965, 12, 'Mandvi'),
(966, 12, 'Mangrol'),
(967, 12, 'Mansa'),
(968, 12, 'Meghraj'),
(969, 12, 'Mehsana'),
(970, 12, 'Mendarla'),
(971, 12, 'Mithapur'),
(972, 12, 'Modasa'),
(973, 12, 'Mogravadi'),
(974, 12, 'Morbi'),
(975, 12, 'Morvi'),
(976, 12, 'Mundra'),
(977, 12, 'Nadiad'),
(978, 12, 'Naliya'),
(979, 12, 'Nanakvada'),
(980, 12, 'Nandej'),
(981, 12, 'Nandesari'),
(982, 12, 'Nandesari INA'),
(983, 12, 'Naroda'),
(984, 12, 'Navagadh'),
(985, 12, 'Navagam Ghed'),
(986, 12, 'Navsari'),
(987, 12, 'Ode'),
(988, 12, 'Okaf'),
(989, 12, 'Okha'),
(990, 12, 'Olpad'),
(991, 12, 'Paddhari'),
(992, 12, 'Padra'),
(993, 12, 'Palanpur'),
(994, 12, 'Palej'),
(995, 12, 'Pali'),
(996, 12, 'Palitana'),
(997, 12, 'Paliyad'),
(998, 12, 'Pandesara'),
(999, 12, 'Panoli'),
(1000, 12, 'Pardi'),
(1001, 12, 'Parnera'),
(1002, 12, 'Parvat'),
(1003, 12, 'Patan'),
(1004, 12, 'Patdi'),
(1005, 12, 'Petlad'),
(1006, 12, 'Petrochemical Complex'),
(1007, 12, 'Porbandar'),
(1008, 12, 'Prantij'),
(1009, 12, 'Radhanpur'),
(1010, 12, 'Raiya'),
(1011, 12, 'Rajkot'),
(1012, 12, 'Rajpipla'),
(1013, 12, 'Rajula'),
(1014, 12, 'Ramod'),
(1015, 12, 'Ranavav'),
(1016, 12, 'Ranoli'),
(1017, 12, 'Rapar'),
(1018, 12, 'Sahij'),
(1019, 12, 'Salaya'),
(1020, 12, 'Sanand'),
(1021, 12, 'Sankheda'),
(1022, 12, 'Santrampur'),
(1023, 12, 'Saribujrang'),
(1024, 12, 'Sarigam INA'),
(1025, 12, 'Sayan'),
(1026, 12, 'Sayla'),
(1027, 12, 'Shahpur'),
(1028, 12, 'Shahwadi'),
(1029, 12, 'Shapar'),
(1030, 12, 'Shivrajpur'),
(1031, 12, 'Siddhapur'),
(1032, 12, 'Sidhpur'),
(1033, 12, 'Sihor'),
(1034, 12, 'Sika'),
(1035, 12, 'Singarva'),
(1036, 12, 'Sinor'),
(1037, 12, 'Sojitra'),
(1038, 12, 'Sola'),
(1039, 12, 'Songadh'),
(1040, 12, 'Suraj Karadi'),
(1041, 12, 'Surat'),
(1042, 12, 'Surendranagar'),
(1043, 12, 'Talaja'),
(1044, 12, 'Talala'),
(1045, 12, 'Talod'),
(1046, 12, 'Tankara'),
(1047, 12, 'Tarsali'),
(1048, 12, 'Thangadh'),
(1049, 12, 'Tharad'),
(1050, 12, 'Thasra'),
(1051, 12, 'Udyognagar'),
(1052, 12, 'Ukai'),
(1053, 12, 'Umbergaon'),
(1054, 12, 'Umbergaon INA'),
(1055, 12, 'Umrala'),
(1056, 12, 'Umreth'),
(1057, 12, 'Un'),
(1058, 12, 'Una'),
(1059, 12, 'Unjha'),
(1060, 12, 'Upleta'),
(1061, 12, 'Utran'),
(1062, 12, 'Uttarsanda'),
(1063, 12, 'V.U. Nagar'),
(1064, 12, 'V.V. Nagar'),
(1065, 12, 'Vadia'),
(1066, 12, 'Vadla'),
(1067, 12, 'Vadnagar'),
(1068, 12, 'Vadodara'),
(1069, 12, 'Vaghodia INA'),
(1070, 12, 'Valbhipur'),
(1071, 12, 'Vallabh Vidyanagar'),
(1072, 12, 'Valsad'),
(1073, 12, 'Valsad INA'),
(1074, 12, 'Vanthali'),
(1075, 12, 'Vapi'),
(1076, 12, 'Vapi INA'),
(1077, 12, 'Vartej'),
(1078, 12, 'Vasad'),
(1079, 12, 'Vasna Borsad INA'),
(1080, 12, 'Vaso'),
(1081, 12, 'Veraval'),
(1082, 12, 'Vidyanagar'),
(1083, 12, 'Vijalpor'),
(1084, 12, 'Vijapur'),
(1085, 12, 'Vinchhiya'),
(1086, 12, 'Vinzol'),
(1087, 12, 'Virpur'),
(1088, 12, 'Visavadar'),
(1089, 12, 'Visnagar'),
(1090, 12, 'Vyara'),
(1091, 12, 'Wadhwan'),
(1092, 12, 'Waghai'),
(1093, 12, 'Waghodia'),
(1094, 12, 'Wankaner'),
(1095, 12, 'Zalod'),
(1096, 13, 'Ambala'),
(1097, 13, 'Ambala Cantt'),
(1098, 13, 'Asan Khurd'),
(1099, 13, 'Asandh'),
(1100, 13, 'Ateli'),
(1101, 13, 'Babiyal'),
(1102, 13, 'Bahadurgarh'),
(1103, 13, 'Ballabgarh'),
(1104, 13, 'Barwala'),
(1105, 13, 'Bawal'),
(1106, 13, 'Bawani Khera'),
(1107, 13, 'Beri'),
(1108, 13, 'Bhiwani'),
(1109, 13, 'Bilaspur'),
(1110, 13, 'Buria'),
(1111, 13, 'Charkhi Dadri'),
(1112, 13, 'Chhachhrauli'),
(1113, 13, 'Chita'),
(1114, 13, 'Dabwali'),
(1115, 13, 'Dharuhera'),
(1116, 13, 'Dundahera'),
(1117, 13, 'Ellenabad'),
(1118, 13, 'Farakhpur'),
(1119, 13, 'Faridabad'),
(1120, 13, 'Farrukhnagar'),
(1121, 13, 'Fatehabad'),
(1122, 13, 'Firozpur Jhirka'),
(1123, 13, 'Gannaur'),
(1124, 13, 'Ghraunda'),
(1125, 13, 'Gohana'),
(1126, 13, 'Gurgaon'),
(1127, 13, 'Haileymandi'),
(1128, 13, 'Hansi'),
(1129, 13, 'Hasanpur'),
(1130, 13, 'Hathin'),
(1131, 13, 'Hisar'),
(1132, 13, 'Hissar'),
(1133, 13, 'Hodal'),
(1134, 13, 'Indri'),
(1135, 13, 'Jagadhri'),
(1136, 13, 'Jakhal Mandi'),
(1137, 13, 'Jhajjar'),
(1138, 13, 'Jind'),
(1139, 13, 'Julana'),
(1140, 13, 'Kaithal'),
(1141, 13, 'Kalanur'),
(1142, 13, 'Kalanwali'),
(1143, 13, 'Kalayat'),
(1144, 13, 'Kalka'),
(1145, 13, 'Kanina'),
(1146, 13, 'Kansepur'),
(1147, 13, 'Kardhan'),
(1148, 13, 'Karnal'),
(1149, 13, 'Kharkhoda'),
(1150, 13, 'Kheri Sampla'),
(1151, 13, 'Kundli'),
(1152, 13, 'Kurukshetra'),
(1153, 13, 'Ladrawan'),
(1154, 13, 'Ladwa'),
(1155, 13, 'Loharu'),
(1156, 13, 'Maham'),
(1157, 13, 'Mahendragarh'),
(1158, 13, 'Mustafabad'),
(1159, 13, 'Nagai Chaudhry'),
(1160, 13, 'Narayangarh'),
(1161, 13, 'Narnaul'),
(1162, 13, 'Narnaund'),
(1163, 13, 'Narwana'),
(1164, 13, 'Nilokheri'),
(1165, 13, 'Nuh'),
(1166, 13, 'Palwal'),
(1167, 13, 'Panchkula'),
(1168, 13, 'Panipat'),
(1169, 13, 'Panipat Taraf Ansar'),
(1170, 13, 'Panipat Taraf Makhdum Zadgan'),
(1171, 13, 'Panipat Taraf Rajputan'),
(1172, 13, 'Pehowa'),
(1173, 13, 'Pinjaur'),
(1174, 13, 'Punahana'),
(1175, 13, 'Pundri'),
(1176, 13, 'Radaur'),
(1177, 13, 'Raipur Rani'),
(1178, 13, 'Rania'),
(1179, 13, 'Ratiya'),
(1180, 13, 'Rewari'),
(1181, 13, 'Rohtak'),
(1182, 13, 'Ropar'),
(1183, 13, 'Sadauri'),
(1184, 13, 'Safidon'),
(1185, 13, 'Samalkha'),
(1186, 13, 'Sankhol'),
(1187, 13, 'Sasauli'),
(1188, 13, 'Shahabad'),
(1189, 13, 'Sirsa'),
(1190, 13, 'Siwani'),
(1191, 13, 'Sohna'),
(1192, 13, 'Sonipat'),
(1193, 13, 'Sukhrali'),
(1194, 13, 'Taoru'),
(1195, 13, 'Taraori'),
(1196, 13, 'Tauru'),
(1197, 13, 'Thanesar'),
(1198, 13, 'Tilpat'),
(1199, 13, 'Tohana'),
(1200, 13, 'Tosham'),
(1201, 13, 'Uchana'),
(1202, 13, 'Uklana Mandi'),
(1203, 13, 'Uncha Siwana'),
(1204, 13, 'Yamunanagar'),
(1205, 14, 'Arki'),
(1206, 14, 'Baddi'),
(1207, 14, 'Bakloh'),
(1208, 14, 'Banjar'),
(1209, 14, 'Bhota'),
(1210, 14, 'Bhuntar'),
(1211, 14, 'Bilaspur'),
(1212, 14, 'Chamba'),
(1213, 14, 'Chaupal'),
(1214, 14, 'Chuari Khas'),
(1215, 14, 'Dagshai'),
(1216, 14, 'Dalhousie'),
(1217, 14, 'Dalhousie Cantonment'),
(1218, 14, 'Damtal'),
(1219, 14, 'Daulatpur'),
(1220, 14, 'Dera Gopipur'),
(1221, 14, 'Dhalli'),
(1222, 14, 'Dharamshala'),
(1223, 14, 'Gagret'),
(1224, 14, 'Ghamarwin'),
(1225, 14, 'Hamirpur'),
(1226, 14, 'Jawala Mukhi'),
(1227, 14, 'Jogindarnagar'),
(1228, 14, 'Jubbal'),
(1229, 14, 'Jutogh'),
(1230, 14, 'Kala Amb'),
(1231, 14, 'Kalpa'),
(1232, 14, 'Kangra'),
(1233, 14, 'Kasauli'),
(1234, 14, 'Kot Khai'),
(1235, 14, 'Kullu'),
(1236, 14, 'Kulu'),
(1237, 14, 'Manali'),
(1238, 14, 'Mandi'),
(1239, 14, 'Mant Khas'),
(1240, 14, 'Mehatpur Basdehra'),
(1241, 14, 'Nadaun'),
(1242, 14, 'Nagrota'),
(1243, 14, 'Nahan'),
(1244, 14, 'Naina Devi'),
(1245, 14, 'Nalagarh'),
(1246, 14, 'Narkanda'),
(1247, 14, 'Nurpur'),
(1248, 14, 'Palampur'),
(1249, 14, 'Pandoh'),
(1250, 14, 'Paonta Sahib'),
(1251, 14, 'Parwanoo'),
(1252, 14, 'Parwanu'),
(1253, 14, 'Rajgarh'),
(1254, 14, 'Rampur'),
(1255, 14, 'Rawalsar'),
(1256, 14, 'Rohru'),
(1257, 14, 'Sabathu'),
(1258, 14, 'Santokhgarh'),
(1259, 14, 'Sarahan'),
(1260, 14, 'Sarka Ghat'),
(1261, 14, 'Seoni'),
(1262, 14, 'Shimla'),
(1263, 14, 'Sirmaur'),
(1264, 14, 'Solan'),
(1265, 14, 'Solon'),
(1266, 14, 'Sundarnagar'),
(1267, 14, 'Sundernagar'),
(1268, 14, 'Talai'),
(1269, 14, 'Theog'),
(1270, 14, 'Tira Sujanpur'),
(1271, 14, 'Una'),
(1272, 14, 'Yol'),
(1273, 15, 'Achabal'),
(1274, 15, 'Akhnur'),
(1275, 15, 'Anantnag'),
(1276, 15, 'Arnia'),
(1277, 15, 'Awantipora'),
(1278, 15, 'Badami Bagh'),
(1279, 15, 'Bandipur'),
(1280, 15, 'Banihal'),
(1281, 15, 'Baramula'),
(1282, 15, 'Baramulla'),
(1283, 15, 'Bari Brahmana'),
(1284, 15, 'Bashohli'),
(1285, 15, 'Batote'),
(1286, 15, 'Bhaderwah'),
(1287, 15, 'Bijbiara'),
(1288, 15, 'Billawar'),
(1289, 15, 'Birwah'),
(1290, 15, 'Bishna'),
(1291, 15, 'Budgam'),
(1292, 15, 'Charari Sharief'),
(1293, 15, 'Chenani'),
(1294, 15, 'Doda'),
(1295, 15, 'Duru-Verinag'),
(1296, 15, 'Gandarbat'),
(1297, 15, 'Gho Manhasan'),
(1298, 15, 'Gorah Salathian'),
(1299, 15, 'Gulmarg'),
(1300, 15, 'Hajan'),
(1301, 15, 'Handwara'),
(1302, 15, 'Hiranagar'),
(1303, 15, 'Jammu'),
(1304, 15, 'Jammu Cantonment'),
(1305, 15, 'Jammu Tawi'),
(1306, 15, 'Jourian'),
(1307, 15, 'Kargil'),
(1308, 15, 'Kathua'),
(1309, 15, 'Katra'),
(1310, 15, 'Khan Sahib'),
(1311, 15, 'Khour'),
(1312, 15, 'Khrew'),
(1313, 15, 'Kishtwar'),
(1314, 15, 'Kud'),
(1315, 15, 'Kukernag'),
(1316, 15, 'Kulgam'),
(1317, 15, 'Kunzer'),
(1318, 15, 'Kupwara'),
(1319, 15, 'Lakhenpur'),
(1320, 15, 'Leh'),
(1321, 15, 'Magam'),
(1322, 15, 'Mattan'),
(1323, 15, 'Naushehra'),
(1324, 15, 'Pahalgam'),
(1325, 15, 'Pampore'),
(1326, 15, 'Parole'),
(1327, 15, 'Pattan'),
(1328, 15, 'Pulwama'),
(1329, 15, 'Punch'),
(1330, 15, 'Qazigund'),
(1331, 15, 'Rajauri'),
(1332, 15, 'Ramban'),
(1333, 15, 'Ramgarh'),
(1334, 15, 'Ramnagar'),
(1335, 15, 'Ranbirsingh Pora'),
(1336, 15, 'Reasi'),
(1337, 15, 'Rehambal'),
(1338, 15, 'Samba'),
(1339, 15, 'Shupiyan'),
(1340, 15, 'Sopur'),
(1341, 15, 'Srinagar'),
(1342, 15, 'Sumbal'),
(1343, 15, 'Sunderbani'),
(1344, 15, 'Talwara'),
(1345, 15, 'Thanamandi'),
(1346, 15, 'Tral'),
(1347, 15, 'Udhampur'),
(1348, 15, 'Uri'),
(1349, 15, 'Vijaypur'),
(1350, 16, 'Adityapur'),
(1351, 16, 'Amlabad'),
(1352, 16, 'Angarpathar'),
(1353, 16, 'Ara'),
(1354, 16, 'Babua Kalan'),
(1355, 16, 'Bagbahra'),
(1356, 16, 'Baliapur'),
(1357, 16, 'Baliari'),
(1358, 16, 'Balkundra'),
(1359, 16, 'Bandhgora'),
(1360, 16, 'Barajamda'),
(1361, 16, 'Barhi'),
(1362, 16, 'Barka Kana'),
(1363, 16, 'Barki Saraiya'),
(1364, 16, 'Barughutu'),
(1365, 16, 'Barwadih'),
(1366, 16, 'Basaria'),
(1367, 16, 'Basukinath'),
(1368, 16, 'Bermo'),
(1369, 16, 'Bhagatdih'),
(1370, 16, 'Bhaurah'),
(1371, 16, 'Bhojudih'),
(1372, 16, 'Bhuli'),
(1373, 16, 'Bokaro'),
(1374, 16, 'Borio Bazar'),
(1375, 16, 'Bundu'),
(1376, 16, 'Chaibasa'),
(1377, 16, 'Chaitudih'),
(1378, 16, 'Chakradharpur'),
(1379, 16, 'Chakulia'),
(1380, 16, 'Chandaur'),
(1381, 16, 'Chandil'),
(1382, 16, 'Chandrapura'),
(1383, 16, 'Chas'),
(1384, 16, 'Chatra'),
(1385, 16, 'Chhatatanr'),
(1386, 16, 'Chhotaputki'),
(1387, 16, 'Chiria'),
(1388, 16, 'Chirkunda'),
(1389, 16, 'Churi'),
(1390, 16, 'Daltenganj'),
(1391, 16, 'Danguwapasi'),
(1392, 16, 'Dari'),
(1393, 16, 'Deoghar'),
(1394, 16, 'Deorikalan'),
(1395, 16, 'Devghar'),
(1396, 16, 'Dhanbad'),
(1397, 16, 'Dhanwar'),
(1398, 16, 'Dhaunsar'),
(1399, 16, 'Dugda'),
(1400, 16, 'Dumarkunda'),
(1401, 16, 'Dumka'),
(1402, 16, 'Egarkunr'),
(1403, 16, 'Gadhra'),
(1404, 16, 'Garwa'),
(1405, 16, 'Ghatsila'),
(1406, 16, 'Ghorabandha'),
(1407, 16, 'Gidi'),
(1408, 16, 'Giridih'),
(1409, 16, 'Gobindpur'),
(1410, 16, 'Godda'),
(1411, 16, 'Godhar'),
(1412, 16, 'Golphalbari'),
(1413, 16, 'Gomoh'),
(1414, 16, 'Gua'),
(1415, 16, 'Gumia'),
(1416, 16, 'Gumla'),
(1417, 16, 'Haludbani'),
(1418, 16, 'Hazaribag'),
(1419, 16, 'Hesla'),
(1420, 16, 'Husainabad'),
(1421, 16, 'Isri'),
(1422, 16, 'Jadugora'),
(1423, 16, 'Jagannathpur'),
(1424, 16, 'Jamadoba'),
(1425, 16, 'Jamshedpur'),
(1426, 16, 'Jamtara'),
(1427, 16, 'Jarangdih'),
(1428, 16, 'Jaridih'),
(1429, 16, 'Jasidih'),
(1430, 16, 'Jena'),
(1431, 16, 'Jharia'),
(1432, 16, 'Jharia Khas'),
(1433, 16, 'Jhinkpani'),
(1434, 16, 'Jhumri Tilaiya'),
(1435, 16, 'Jorapokhar'),
(1436, 16, 'Jugsalai'),
(1437, 16, 'Kailudih'),
(1438, 16, 'Kalikapur'),
(1439, 16, 'Kandra'),
(1440, 16, 'Kanke'),
(1441, 16, 'Katras'),
(1442, 16, 'Kedla'),
(1443, 16, 'Kenduadih'),
(1444, 16, 'Kharkhari'),
(1445, 16, 'Kharsawan'),
(1446, 16, 'Khelari'),
(1447, 16, 'Khunti'),
(1448, 16, 'Kiri Buru'),
(1449, 16, 'Kiriburu'),
(1450, 16, 'Kodarma'),
(1451, 16, 'Kuju'),
(1452, 16, 'Kurpania'),
(1453, 16, 'Kustai'),
(1454, 16, 'Lakarka'),
(1455, 16, 'Lapanga'),
(1456, 16, 'Latehar'),
(1457, 16, 'Lohardaga'),
(1458, 16, 'Loiya'),
(1459, 16, 'Loyabad'),
(1460, 16, 'Madhupur'),
(1461, 16, 'Mahesh Mundi'),
(1462, 16, 'Maithon'),
(1463, 16, 'Malkera'),
(1464, 16, 'Mango'),
(1465, 16, 'Manoharpur'),
(1466, 16, 'Marma'),
(1467, 16, 'Meghahatuburu Forest village'),
(1468, 16, 'Mera'),
(1469, 16, 'Meru'),
(1470, 16, 'Mihijam'),
(1471, 16, 'Mugma'),
(1472, 16, 'Muri'),
(1473, 16, 'Mushabani'),
(1474, 16, 'Nagri Kalan'),
(1475, 16, 'Netarhat'),
(1476, 16, 'Nirsa'),
(1477, 16, 'Noamundi'),
(1478, 16, 'Okni'),
(1479, 16, 'Orla'),
(1480, 16, 'Pakaur'),
(1481, 16, 'Palamau'),
(1482, 16, 'Palawa'),
(1483, 16, 'Panchet'),
(1484, 16, 'Panrra'),
(1485, 16, 'Paratdih'),
(1486, 16, 'Pathardih'),
(1487, 16, 'Patratu'),
(1488, 16, 'Phusro'),
(1489, 16, 'Pondar Kanali'),
(1490, 16, 'Rajmahal'),
(1491, 16, 'Ramgarh'),
(1492, 16, 'Ranchi'),
(1493, 16, 'Ray'),
(1494, 16, 'Rehla'),
(1495, 16, 'Religara'),
(1496, 16, 'Rohraband'),
(1497, 16, 'Sahibganj'),
(1498, 16, 'Sahnidih'),
(1499, 16, 'Saraidhela'),
(1500, 16, 'Saraikela'),
(1501, 16, 'Sarjamda'),
(1502, 16, 'Saunda'),
(1503, 16, 'Sewai'),
(1504, 16, 'Sijhua'),
(1505, 16, 'Sijua'),
(1506, 16, 'Simdega'),
(1507, 16, 'Sindari'),
(1508, 16, 'Sinduria'),
(1509, 16, 'Sini'),
(1510, 16, 'Sirka'),
(1511, 16, 'Siuliban'),
(1512, 16, 'Surubera'),
(1513, 16, 'Tati'),
(1514, 16, 'Tenudam'),
(1515, 16, 'Tisra'),
(1516, 16, 'Topa'),
(1517, 16, 'Topchanchi'),
(1518, 17, 'Adityanagar'),
(1519, 17, 'Adityapatna'),
(1520, 17, 'Afzalpur'),
(1521, 17, 'Ajjampur'),
(1522, 17, 'Aland'),
(1523, 17, 'Almatti Sitimani'),
(1524, 17, 'Alnavar'),
(1525, 17, 'Alur'),
(1526, 17, 'Ambikanagara'),
(1527, 17, 'Anekal'),
(1528, 17, 'Ankola'),
(1529, 17, 'Annigeri'),
(1530, 17, 'Arkalgud'),
(1531, 17, 'Arsikere'),
(1532, 17, 'Athni'),
(1533, 17, 'Aurad'),
(1534, 17, 'Badagavettu'),
(1535, 17, 'Badami'),
(1536, 17, 'Bagalkot'),
(1537, 17, 'Bagepalli'),
(1538, 17, 'Bailhongal'),
(1539, 17, 'Baindur'),
(1540, 17, 'Bajala'),
(1541, 17, 'Bajpe'),
(1542, 17, 'Banavar'),
(1543, 17, 'Bangarapet'),
(1544, 17, 'Bankapura'),
(1545, 17, 'Bannur'),
(1546, 17, 'Bantwal'),
(1547, 17, 'Basavakalyan'),
(1548, 17, 'Basavana Bagevadi'),
(1549, 17, 'Belagula'),
(1550, 17, 'Belakavadiq'),
(1551, 17, 'Belgaum'),
(1552, 17, 'Belgaum Cantonment'),
(1553, 17, 'Bellary'),
(1554, 17, 'Belluru'),
(1555, 17, 'Beltangadi'),
(1556, 17, 'Belur'),
(1557, 17, 'Belvata'),
(1558, 17, 'Bengaluru'),
(1559, 17, 'Bhadravati'),
(1560, 17, 'Bhalki'),
(1561, 17, 'Bhatkal'),
(1562, 17, 'Bhimarayanagudi'),
(1563, 17, 'Bhogadi'),
(1564, 17, 'Bidar'),
(1565, 17, 'Bijapur'),
(1566, 17, 'Bilgi'),
(1567, 17, 'Birur'),
(1568, 17, 'Bommanahalli'),
(1569, 17, 'Bommasandra'),
(1570, 17, 'Byadgi'),
(1571, 17, 'Byatarayanapura'),
(1572, 17, 'Chakranagar Colony'),
(1573, 17, 'Challakere'),
(1574, 17, 'Chamrajnagar'),
(1575, 17, 'Chamundi Betta'),
(1576, 17, 'Channagiri'),
(1577, 17, 'Channapatna'),
(1578, 17, 'Channarayapatna'),
(1579, 17, 'Chickballapur'),
(1580, 17, 'Chik Ballapur'),
(1581, 17, 'Chikkaballapur'),
(1582, 17, 'Chikmagalur'),
(1583, 17, 'Chiknayakanhalli'),
(1584, 17, 'Chikodi'),
(1585, 17, 'Chincholi'),
(1586, 17, 'Chintamani'),
(1587, 17, 'Chitaguppa'),
(1588, 17, 'Chitapur'),
(1589, 17, 'Chitradurga'),
(1590, 17, 'Coorg'),
(1591, 17, 'Dandeli'),
(1592, 17, 'Dargajogihalli'),
(1593, 17, 'Dasarahalli'),
(1594, 17, 'Davangere'),
(1595, 17, 'Devadurga'),
(1596, 17, 'Devagiri'),
(1597, 17, 'Devanhalli'),
(1598, 17, 'Dharwar'),
(1599, 17, 'Dhupdal'),
(1600, 17, 'Dod Ballapur'),
(1601, 17, 'Donimalai'),
(1602, 17, 'Gadag'),
(1603, 17, 'Gajendragarh'),
(1604, 17, 'Ganeshgudi'),
(1605, 17, 'Gangawati'),
(1606, 17, 'Gangoli'),
(1607, 17, 'Gauribidanur'),
(1608, 17, 'Gokak'),
(1609, 17, 'Gokak Falls'),
(1610, 17, 'Gonikoppal'),
(1611, 17, 'Gorur'),
(1612, 17, 'Gottikere'),
(1613, 17, 'Gubbi'),
(1614, 17, 'Gudibanda'),
(1615, 17, 'Gulbarga'),
(1616, 17, 'Guledgudda'),
(1617, 17, 'Gundlupet'),
(1618, 17, 'Gurmatkal'),
(1619, 17, 'Haliyal'),
(1620, 17, 'Hangal'),
(1621, 17, 'Harihar'),
(1622, 17, 'Harpanahalli'),
(1623, 17, 'Hassan'),
(1624, 17, 'Hatti'),
(1625, 17, 'Hatti Gold Mines'),
(1626, 17, 'Haveri'),
(1627, 17, 'Hebbagodi'),
(1628, 17, 'Hebbalu'),
(1629, 17, 'Hebri'),
(1630, 17, 'Heggadadevanakote'),
(1631, 17, 'Herohalli'),
(1632, 17, 'Hidkal'),
(1633, 17, 'Hindalgi'),
(1634, 17, 'Hirekerur'),
(1635, 17, 'Hiriyur'),
(1636, 17, 'Holalkere'),
(1637, 17, 'Hole Narsipur'),
(1638, 17, 'Homnabad'),
(1639, 17, 'Honavar'),
(1640, 17, 'Honnali'),
(1641, 17, 'Hosakote'),
(1642, 17, 'Hosanagara'),
(1643, 17, 'Hosangadi'),
(1644, 17, 'Hosdurga'),
(1645, 17, 'Hoskote'),
(1646, 17, 'Hospet'),
(1647, 17, 'Hubli'),
(1648, 17, 'Hukeri'),
(1649, 17, 'Hunasagi'),
(1650, 17, 'Hunasamaranahalli'),
(1651, 17, 'Hungund'),
(1652, 17, 'Hunsur'),
(1653, 17, 'Huvina Hadagalli'),
(1654, 17, 'Ilkal'),
(1655, 17, 'Indi'),
(1656, 17, 'Jagalur'),
(1657, 17, 'Jamkhandi'),
(1658, 17, 'Jevargi'),
(1659, 17, 'Jog Falls'),
(1660, 17, 'Kabini Colony'),
(1661, 17, 'Kadur'),
(1662, 17, 'Kalghatgi'),
(1663, 17, 'Kamalapuram'),
(1664, 17, 'Kampli'),
(1665, 17, 'Kanakapura'),
(1666, 17, 'Kangrali BK'),
(1667, 17, 'Kangrali KH'),
(1668, 17, 'Kannur'),
(1669, 17, 'Karkala'),
(1670, 17, 'Karwar'),
(1671, 17, 'Kemminja'),
(1672, 17, 'Kengeri'),
(1673, 17, 'Kerur'),
(1674, 17, 'Khanapur'),
(1675, 17, 'Kodigenahalli'),
(1676, 17, 'Kodiyal'),
(1677, 17, 'Kodlipet'),
(1678, 17, 'Kolar'),
(1679, 17, 'Kollegal'),
(1680, 17, 'Konanakunte'),
(1681, 17, 'Konanur'),
(1682, 17, 'Konnur'),
(1683, 17, 'Koppa'),
(1684, 17, 'Koppal'),
(1685, 17, 'Koratagere'),
(1686, 17, 'Kotekara'),
(1687, 17, 'Kothnur'),
(1688, 17, 'Kotturu'),
(1689, 17, 'Krishnapura'),
(1690, 17, 'Krishnarajanagar'),
(1691, 17, 'Krishnarajapura'),
(1692, 17, 'Krishnarajasagara'),
(1693, 17, 'Krishnarajpet'),
(1694, 17, 'Kudchi'),
(1695, 17, 'Kudligi'),
(1696, 17, 'Kudremukh'),
(1697, 17, 'Kumsi'),
(1698, 17, 'Kumta'),
(1699, 17, 'Kundapura'),
(1700, 17, 'Kundgol'),
(1701, 17, 'Kunigal'),
(1702, 17, 'Kurgunta'),
(1703, 17, 'Kushalnagar'),
(1704, 17, 'Kushtagi'),
(1705, 17, 'Kyathanahalli'),
(1706, 17, 'Lakshmeshwar'),
(1707, 17, 'Lingsugur'),
(1708, 17, 'Londa'),
(1709, 17, 'Maddur'),
(1710, 17, 'Madhugiri'),
(1711, 17, 'Madikeri'),
(1712, 17, 'Magadi'),
(1713, 17, 'Magod Falls'),
(1714, 17, 'Mahadeswara Hills'),
(1715, 17, 'Mahadevapura'),
(1716, 17, 'Mahalingpur'),
(1717, 17, 'Maisuru'),
(1718, 17, 'Maisuru Cantonment'),
(1719, 17, 'Malavalli'),
(1720, 17, 'Mallar'),
(1721, 17, 'Malpe'),
(1722, 17, 'Malur'),
(1723, 17, 'Manchenahalli'),
(1724, 17, 'Mandya'),
(1725, 17, 'Mangalore'),
(1726, 17, 'Mangaluru'),
(1727, 17, 'Manipal'),
(1728, 17, 'Manvi'),
(1729, 17, 'Maski'),
(1730, 17, 'Mastikatte Colony'),
(1731, 17, 'Mayakonda'),
(1732, 17, 'Melukote'),
(1733, 17, 'Molakalmuru'),
(1734, 17, 'Mudalgi'),
(1735, 17, 'Mudbidri'),
(1736, 17, 'Muddebihal'),
(1737, 17, 'Mudgal'),
(1738, 17, 'Mudhol'),
(1739, 17, 'Mudigere'),
(1740, 17, 'Mudushedde'),
(1741, 17, 'Mulbagal'),
(1742, 17, 'Mulgund'),
(1743, 17, 'Mulki'),
(1744, 17, 'Mulur'),
(1745, 17, 'Mundargi'),
(1746, 17, 'Mundgod'),
(1747, 17, 'Munirabad'),
(1748, 17, 'Munnur'),
(1749, 17, 'Murudeshwara'),
(1750, 17, 'Mysore'),
(1751, 17, 'Nagamangala'),
(1752, 17, 'Nanjangud'),
(1753, 17, 'Naragund'),
(1754, 17, 'Narasimharajapura'),
(1755, 17, 'Naravi'),
(1756, 17, 'Narayanpur'),
(1757, 17, 'Naregal'),
(1758, 17, 'Navalgund'),
(1759, 17, 'Nelmangala'),
(1760, 17, 'Nipani'),
(1761, 17, 'Nitte'),
(1762, 17, 'Nyamati'),
(1763, 17, 'Padu'),
(1764, 17, 'Pandavapura'),
(1765, 17, 'Pattanagere'),
(1766, 17, 'Pavagada'),
(1767, 17, 'Piriyapatna'),
(1768, 17, 'Ponnampet'),
(1769, 17, 'Puttur'),
(1770, 17, 'Rabkavi'),
(1771, 17, 'Raichur'),
(1772, 17, 'Ramanagaram'),
(1773, 17, 'Ramdurg'),
(1774, 17, 'Ranibennur'),
(1775, 17, 'Raybag'),
(1776, 17, 'Robertsonpet'),
(1777, 17, 'Ron'),
(1778, 17, 'Sadalgi'),
(1779, 17, 'Sagar'),
(1780, 17, 'Sakleshpur'),
(1781, 17, 'Saligram'),
(1782, 17, 'Sandur'),
(1783, 17, 'Sanivarsante'),
(1784, 17, 'Sankeshwar'),
(1785, 17, 'Sargur'),
(1786, 17, 'Sathyamangala'),
(1787, 17, 'Saundatti Yellamma'),
(1788, 17, 'Savanur'),
(1789, 17, 'Sedam'),
(1790, 17, 'Shahabad'),
(1791, 17, 'Shahabad A.C.C.'),
(1792, 17, 'Shahapur'),
(1793, 17, 'Shahpur'),
(1794, 17, 'Shaktinagar'),
(1795, 17, 'Shiggaon'),
(1796, 17, 'Shikarpur'),
(1797, 17, 'Shimoga'),
(1798, 17, 'Shirhatti'),
(1799, 17, 'Shorapur'),
(1800, 17, 'Shravanabelagola'),
(1801, 17, 'Shrirangapattana'),
(1802, 17, 'Siddapur'),
(1803, 17, 'Sidlaghatta'),
(1804, 17, 'Sindgi'),
(1805, 17, 'Sindhnur'),
(1806, 17, 'Sira'),
(1807, 17, 'Sirakoppa'),
(1808, 17, 'Sirsi'),
(1809, 17, 'Siruguppa'),
(1810, 17, 'Someshwar'),
(1811, 17, 'Somvarpet'),
(1812, 17, 'Sorab'),
(1813, 17, 'Sringeri'),
(1814, 17, 'Srinivaspur'),
(1815, 17, 'Sulya'),
(1816, 17, 'Suntikopa'),
(1817, 17, 'Talikota'),
(1818, 17, 'Tarikera'),
(1819, 17, 'Tekkalakota'),
(1820, 17, 'Terdal'),
(1821, 17, 'Thokur'),
(1822, 17, 'Thumbe'),
(1823, 17, 'Tiptur'),
(1824, 17, 'Tirthahalli'),
(1825, 17, 'Tirumakudal Narsipur'),
(1826, 17, 'Tonse'),
(1827, 17, 'Tumkur'),
(1828, 17, 'Turuvekere'),
(1829, 17, 'Udupi'),
(1830, 17, 'Ullal'),
(1831, 17, 'Uttarahalli'),
(1832, 17, 'Venkatapura'),
(1833, 17, 'Vijayapura'),
(1834, 17, 'Virarajendrapet'),
(1835, 17, 'Wadi'),
(1836, 17, 'Wadi A.C.C.'),
(1837, 17, 'Yadgir'),
(1838, 17, 'Yelahanka'),
(1839, 17, 'Yelandur'),
(1840, 17, 'Yelbarga'),
(1841, 17, 'Yellapur'),
(1842, 17, 'Yenagudde'),
(1843, 19, 'Adimaly'),
(1844, 19, 'Adoor'),
(1845, 19, 'Adur'),
(1846, 19, 'Akathiyur'),
(1847, 19, 'Alangad'),
(1848, 19, 'Alappuzha'),
(1849, 19, 'Aluva'),
(1850, 19, 'Ancharakandy'),
(1851, 19, 'Angamaly'),
(1852, 19, 'Aroor'),
(1853, 19, 'Arukutti'),
(1854, 19, 'Attingal'),
(1855, 19, 'Avinissery'),
(1856, 19, 'Azhikode North'),
(1857, 19, 'Azhikode South'),
(1858, 19, 'Azhiyur'),
(1859, 19, 'Balussery'),
(1860, 19, 'Bangramanjeshwar'),
(1861, 19, 'Beypur'),
(1862, 19, 'Brahmakulam'),
(1863, 19, 'Chala'),
(1864, 19, 'Chalakudi'),
(1865, 19, 'Changanacheri'),
(1866, 19, 'Chauwara'),
(1867, 19, 'Chavakkad'),
(1868, 19, 'Chelakkara'),
(1869, 19, 'Chelora'),
(1870, 19, 'Chendamangalam'),
(1871, 19, 'Chengamanad'),
(1872, 19, 'Chengannur'),
(1873, 19, 'Cheranallur'),
(1874, 19, 'Cheriyakadavu'),
(1875, 19, 'Cherthala'),
(1876, 19, 'Cherukunnu'),
(1877, 19, 'Cheruthazham'),
(1878, 19, 'Cheruvannur'),
(1879, 19, 'Cheruvattur'),
(1880, 19, 'Chevvur'),
(1881, 19, 'Chirakkal'),
(1882, 19, 'Chittur'),
(1883, 19, 'Chockli'),
(1884, 19, 'Churnikkara'),
(1885, 19, 'Dharmadam'),
(1886, 19, 'Edappal'),
(1887, 19, 'Edathala'),
(1888, 19, 'Elayavur'),
(1889, 19, 'Elur'),
(1890, 19, 'Eranholi'),
(1891, 19, 'Erattupetta'),
(1892, 19, 'Ernakulam'),
(1893, 19, 'Eruvatti'),
(1894, 19, 'Ettumanoor'),
(1895, 19, 'Feroke'),
(1896, 19, 'Guruvayur'),
(1897, 19, 'Haripad'),
(1898, 19, 'Hosabettu'),
(1899, 19, 'Idukki'),
(1900, 19, 'Iringaprom'),
(1901, 19, 'Irinjalakuda'),
(1902, 19, 'Iriveri'),
(1903, 19, 'Kadachira'),
(1904, 19, 'Kadalundi'),
(1905, 19, 'Kadamakkudy'),
(1906, 19, 'Kadirur'),
(1907, 19, 'Kadungallur'),
(1908, 19, 'Kakkodi'),
(1909, 19, 'Kalady'),
(1910, 19, 'Kalamassery'),
(1911, 19, 'Kalliasseri'),
(1912, 19, 'Kalpetta'),
(1913, 19, 'Kanhangad'),
(1914, 19, 'Kanhirode'),
(1915, 19, 'Kanjikkuzhi'),
(1916, 19, 'Kanjikode'),
(1917, 19, 'Kanjirappalli'),
(1918, 19, 'Kannadiparamba'),
(1919, 19, 'Kannangad'),
(1920, 19, 'Kannapuram'),
(1921, 19, 'Kannur'),
(1922, 19, 'Kannur Cantonment'),
(1923, 19, 'Karunagappally'),
(1924, 19, 'Karuvamyhuruthy'),
(1925, 19, 'Kasaragod'),
(1926, 19, 'Kasargod'),
(1927, 19, 'Kattappana'),
(1928, 19, 'Kayamkulam'),
(1929, 19, 'Kedamangalam'),
(1930, 19, 'Kochi'),
(1931, 19, 'Kodamthuruthu'),
(1932, 19, 'Kodungallur'),
(1933, 19, 'Koduvally'),
(1934, 19, 'Koduvayur'),
(1935, 19, 'Kokkothamangalam'),
(1936, 19, 'Kolazhy'),
(1937, 19, 'Kollam'),
(1938, 19, 'Komalapuram'),
(1939, 19, 'Koothattukulam'),
(1940, 19, 'Koratty'),
(1941, 19, 'Kothamangalam'),
(1942, 19, 'Kottarakkara'),
(1943, 19, 'Kottayam'),
(1944, 19, 'Kottayam Malabar'),
(1945, 19, 'Kottuvally'),
(1946, 19, 'Koyilandi'),
(1947, 19, 'Kozhikode'),
(1948, 19, 'Kudappanakunnu'),
(1949, 19, 'Kudlu'),
(1950, 19, 'Kumarakom'),
(1951, 19, 'Kumily'),
(1952, 19, 'Kunnamangalam'),
(1953, 19, 'Kunnamkulam'),
(1954, 19, 'Kurikkad'),
(1955, 19, 'Kurkkanchery'),
(1956, 19, 'Kuthuparamba'),
(1957, 19, 'Kuttakulam'),
(1958, 19, 'Kuttikkattur'),
(1959, 19, 'Kuttur'),
(1960, 19, 'Malappuram'),
(1961, 19, 'Mallappally'),
(1962, 19, 'Manjeri'),
(1963, 19, 'Manjeshwar'),
(1964, 19, 'Mannancherry'),
(1965, 19, 'Mannar'),
(1966, 19, 'Mannarakkat'),
(1967, 19, 'Maradu'),
(1968, 19, 'Marathakkara'),
(1969, 19, 'Marutharod'),
(1970, 19, 'Mattannur'),
(1971, 19, 'Mavelikara'),
(1972, 19, 'Mavilayi'),
(1973, 19, 'Mavur'),
(1974, 19, 'Methala'),
(1975, 19, 'Muhamma'),
(1976, 19, 'Mulavukad'),
(1977, 19, 'Mundakayam'),
(1978, 19, 'Munderi'),
(1979, 19, 'Munnar'),
(1980, 19, 'Muthakunnam'),
(1981, 19, 'Muvattupuzha'),
(1982, 19, 'Muzhappilangad'),
(1983, 19, 'Nadapuram'),
(1984, 19, 'Nadathara'),
(1985, 19, 'Narath'),
(1986, 19, 'Nattakam'),
(1987, 19, 'Nedumangad'),
(1988, 19, 'Nenmenikkara'),
(1989, 19, 'New Mahe'),
(1990, 19, 'Neyyattinkara'),
(1991, 19, 'Nileshwar'),
(1992, 19, 'Olavanna'),
(1993, 19, 'Ottapalam'),
(1994, 19, 'Ottappalam'),
(1995, 19, 'Paduvilayi'),
(1996, 19, 'Palai'),
(1997, 19, 'Palakkad'),
(1998, 19, 'Palayad'),
(1999, 19, 'Palissery'),
(2000, 19, 'Pallikkunnu'),
(2001, 19, 'Paluvai'),
(2002, 19, 'Panniyannur'),
(2003, 19, 'Pantalam'),
(2004, 19, 'Panthiramkavu'),
(2005, 19, 'Panur'),
(2006, 19, 'Pappinisseri'),
(2007, 19, 'Parassala'),
(2008, 19, 'Paravur'),
(2009, 19, 'Pathanamthitta'),
(2010, 19, 'Pathanapuram'),
(2011, 19, 'Pathiriyad'),
(2012, 19, 'Pattambi'),
(2013, 19, 'Pattiom'),
(2014, 19, 'Pavaratty'),
(2015, 19, 'Payyannur'),
(2016, 19, 'Peermade'),
(2017, 19, 'Perakam'),
(2018, 19, 'Peralasseri'),
(2019, 19, 'Peringathur'),
(2020, 19, 'Perinthalmanna'),
(2021, 19, 'Perole'),
(2022, 19, 'Perumanna'),
(2023, 19, 'Perumbaikadu'),
(2024, 19, 'Perumbavoor'),
(2025, 19, 'Pinarayi'),
(2026, 19, 'Piravam'),
(2027, 19, 'Ponnani'),
(2028, 19, 'Pottore'),
(2029, 19, 'Pudukad'),
(2030, 19, 'Punalur'),
(2031, 19, 'Puranattukara'),
(2032, 19, 'Puthunagaram'),
(2033, 19, 'Puthuppariyaram'),
(2034, 19, 'Puzhathi'),
(2035, 19, 'Ramanattukara'),
(2036, 19, 'Shoranur'),
(2037, 19, 'Sultans Battery'),
(2038, 19, 'Sulthan Bathery'),
(2039, 19, 'Talipparamba'),
(2040, 19, 'Thaikkad'),
(2041, 19, 'Thalassery'),
(2042, 19, 'Thannirmukkam'),
(2043, 19, 'Theyyalingal'),
(2044, 19, 'Thiruvalla'),
(2045, 19, 'Thiruvananthapuram'),
(2046, 19, 'Thiruvankulam'),
(2047, 19, 'Thodupuzha'),
(2048, 19, 'Thottada'),
(2049, 19, 'Thrippunithura'),
(2050, 19, 'Thrissur'),
(2051, 19, 'Tirur'),
(2052, 19, 'Udma'),
(2053, 19, 'Vadakara'),
(2054, 19, 'Vaikam'),
(2055, 19, 'Valapattam'),
(2056, 19, 'Vallachira'),
(2057, 19, 'Varam'),
(2058, 19, 'Varappuzha'),
(2059, 19, 'Varkala'),
(2060, 19, 'Vayalar'),
(2061, 19, 'Vazhakkala'),
(2062, 19, 'Venmanad'),
(2063, 19, 'Villiappally'),
(2064, 19, 'Wayanad'),
(2065, 20, 'Agethi'),
(2066, 20, 'Amini'),
(2067, 20, 'Androth Island'),
(2068, 20, 'Kavaratti'),
(2069, 20, 'Minicoy'),
(2070, 21, 'Agar'),
(2071, 21, 'Ajaigarh'),
(2072, 21, 'Akoda'),
(2073, 21, 'Akodia'),
(2074, 21, 'Alampur'),
(2075, 21, 'Alirajpur'),
(2076, 21, 'Alot'),
(2077, 21, 'Amanganj'),
(2078, 21, 'Amarkantak'),
(2079, 21, 'Amarpatan'),
(2080, 21, 'Amarwara'),
(2081, 21, 'Ambada'),
(2082, 21, 'Ambah'),
(2083, 21, 'Amla'),
(2084, 21, 'Amlai'),
(2085, 21, 'Anjad'),
(2086, 21, 'Antri'),
(2087, 21, 'Anuppur'),
(2088, 21, 'Aron'),
(2089, 21, 'Ashoknagar'),
(2090, 21, 'Ashta'),
(2091, 21, 'Babai'),
(2092, 21, 'Bada Malhera'),
(2093, 21, 'Badagaon'),
(2094, 21, 'Badagoan'),
(2095, 21, 'Badarwas'),
(2096, 21, 'Badawada'),
(2097, 21, 'Badi'),
(2098, 21, 'Badkuhi'),
(2099, 21, 'Badnagar'),
(2100, 21, 'Badnawar'),
(2101, 21, 'Badod'),
(2102, 21, 'Badoda'),
(2103, 21, 'Badra'),
(2104, 21, 'Bagh'),
(2105, 21, 'Bagli'),
(2106, 21, 'Baihar'),
(2107, 21, 'Baikunthpur'),
(2108, 21, 'Bakswaha'),
(2109, 21, 'Balaghat'),
(2110, 21, 'Baldeogarh'),
(2111, 21, 'Bamaniya'),
(2112, 21, 'Bamhani'),
(2113, 21, 'Bamor'),
(2114, 21, 'Bamora'),
(2115, 21, 'Banda'),
(2116, 21, 'Bangawan'),
(2117, 21, 'Bansatar Kheda'),
(2118, 21, 'Baraily'),
(2119, 21, 'Barela'),
(2120, 21, 'Barghat'),
(2121, 21, 'Bargi'),
(2122, 21, 'Barhi'),
(2123, 21, 'Barigarh'),
(2124, 21, 'Barwaha'),
(2125, 21, 'Barwani'),
(2126, 21, 'Basoda'),
(2127, 21, 'Begamganj'),
(2128, 21, 'Beohari'),
(2129, 21, 'Berasia'),
(2130, 21, 'Betma'),
(2131, 21, 'Betul'),
(2132, 21, 'Betul Bazar'),
(2133, 21, 'Bhainsdehi'),
(2134, 21, 'Bhamodi'),
(2135, 21, 'Bhander'),
(2136, 21, 'Bhanpura'),
(2137, 21, 'Bharveli'),
(2138, 21, 'Bhaurasa'),
(2139, 21, 'Bhavra'),
(2140, 21, 'Bhedaghat'),
(2141, 21, 'Bhikangaon'),
(2142, 21, 'Bhilakhedi'),
(2143, 21, 'Bhind'),
(2144, 21, 'Bhitarwar'),
(2145, 21, 'Bhopal'),
(2146, 21, 'Bhuibandh'),
(2147, 21, 'Biaora'),
(2148, 21, 'Bijawar'),
(2149, 21, 'Bijeypur'),
(2150, 21, 'Bijrauni'),
(2151, 21, 'Bijuri'),
(2152, 21, 'Bilaua'),
(2153, 21, 'Bilpura'),
(2154, 21, 'Bina Railway Colony'),
(2155, 21, 'Bina-Etawa'),
(2156, 21, 'Birsinghpur'),
(2157, 21, 'Boda'),
(2158, 21, 'Budhni'),
(2159, 21, 'Burhanpur'),
(2160, 21, 'Burhar'),
(2161, 21, 'Chachaura Binaganj'),
(2162, 21, 'Chakghat'),
(2163, 21, 'Chandameta Butar'),
(2164, 21, 'Chanderi'),
(2165, 21, 'Chandia'),
(2166, 21, 'Chandla'),
(2167, 21, 'Chaurai Khas'),
(2168, 21, 'Chhatarpur'),
(2169, 21, 'Chhindwara'),
(2170, 21, 'Chhota Chhindwara'),
(2171, 21, 'Chichli'),
(2172, 21, 'Chitrakut'),
(2173, 21, 'Churhat'),
(2174, 21, 'Daboh'),
(2175, 21, 'Dabra'),
(2176, 21, 'Damoh'),
(2177, 21, 'Damua'),
(2178, 21, 'Datia'),
(2179, 21, 'Deodara'),
(2180, 21, 'Deori'),
(2181, 21, 'Deori Khas'),
(2182, 21, 'Depalpur'),
(2183, 21, 'Devendranagar'),
(2184, 21, 'Devhara'),
(2185, 21, 'Dewas'),
(2186, 21, 'Dhamnod'),
(2187, 21, 'Dhana'),
(2188, 21, 'Dhanpuri'),
(2189, 21, 'Dhar'),
(2190, 21, 'Dharampuri'),
(2191, 21, 'Dighawani'),
(2192, 21, 'Diken'),
(2193, 21, 'Dindori'),
(2194, 21, 'Dola'),
(2195, 21, 'Dumar Kachhar'),
(2196, 21, 'Dungariya Chhapara'),
(2197, 21, 'Gadarwara'),
(2198, 21, 'Gairatganj'),
(2199, 21, 'Gandhi Sagar Hydel Colony'),
(2200, 21, 'Ganjbasoda'),
(2201, 21, 'Garhakota'),
(2202, 21, 'Garhi Malhara'),
(2203, 21, 'Garoth'),
(2204, 21, 'Gautapura'),
(2205, 21, 'Ghansor'),
(2206, 21, 'Ghuwara'),
(2207, 21, 'Gogaon'),
(2208, 21, 'Gogapur'),
(2209, 21, 'Gohad'),
(2210, 21, 'Gormi'),
(2211, 21, 'Govindgarh'),
(2212, 21, 'Guna'),
(2213, 21, 'Gurh'),
(2214, 21, 'Gwalior'),
(2215, 21, 'Hanumana'),
(2216, 21, 'Harda'),
(2217, 21, 'Harpalpur'),
(2218, 21, 'Harrai'),
(2219, 21, 'Harsud'),
(2220, 21, 'Hatod'),
(2221, 21, 'Hatpipalya'),
(2222, 21, 'Hatta'),
(2223, 21, 'Hindoria'),
(2224, 21, 'Hirapur'),
(2225, 21, 'Hoshangabad'),
(2226, 21, 'Ichhawar'),
(2227, 21, 'Iklehra'),
(2228, 21, 'Indergarh'),
(2229, 21, 'Indore'),
(2230, 21, 'Isagarh'),
(2231, 21, 'Itarsi'),
(2232, 21, 'Jabalpur'),
(2233, 21, 'Jabalpur Cantonment'),
(2234, 21, 'Jabalpur G.C.F'),
(2235, 21, 'Jaisinghnagar'),
(2236, 21, 'Jaithari'),
(2237, 21, 'Jaitwara'),
(2238, 21, 'Jamai'),
(2239, 21, 'Jaora'),
(2240, 21, 'Jatachhapar'),
(2241, 21, 'Jatara'),
(2242, 21, 'Jawad'),
(2243, 21, 'Jawar'),
(2244, 21, 'Jeronkhalsa'),
(2245, 21, 'Jhabua'),
(2246, 21, 'Jhundpura'),
(2247, 21, 'Jiran'),
(2248, 21, 'Jirapur'),
(2249, 21, 'Jobat'),
(2250, 21, 'Joura'),
(2251, 21, 'Kailaras'),
(2252, 21, 'Kaimur'),
(2253, 21, 'Kakarhati'),
(2254, 21, 'Kalichhapar'),
(2255, 21, 'Kanad'),
(2256, 21, 'Kannod'),
(2257, 21, 'Kantaphod'),
(2258, 21, 'Kareli'),
(2259, 21, 'Karera'),
(2260, 21, 'Kari'),
(2261, 21, 'Karnawad'),
(2262, 21, 'Karrapur'),
(2263, 21, 'Kasrawad'),
(2264, 21, 'Katangi'),
(2265, 21, 'Katni'),
(2266, 21, 'Kelhauri'),
(2267, 21, 'Khachrod'),
(2268, 21, 'Khajuraho'),
(2269, 21, 'Khamaria'),
(2270, 21, 'Khand'),
(2271, 21, 'Khandwa'),
(2272, 21, 'Khaniyadhana'),
(2273, 21, 'Khargapur'),
(2274, 21, 'Khargone'),
(2275, 21, 'Khategaon'),
(2276, 21, 'Khetia'),
(2277, 21, 'Khilchipur'),
(2278, 21, 'Khirkiya'),
(2279, 21, 'Khujner'),
(2280, 21, 'Khurai'),
(2281, 21, 'Kolaras'),
(2282, 21, 'Kotar'),
(2283, 21, 'Kothi'),
(2284, 21, 'Kotma'),
(2285, 21, 'Kukshi'),
(2286, 21, 'Kumbhraj'),
(2287, 21, 'Kurwai'),
(2288, 21, 'Lahar'),
(2289, 21, 'Lakhnadon'),
(2290, 21, 'Lateri'),
(2291, 21, 'Laundi'),
(2292, 21, 'Lidhora Khas'),
(2293, 21, 'Lodhikheda'),
(2294, 21, 'Loharda'),
(2295, 21, 'Machalpur'),
(2296, 21, 'Madhogarh'),
(2297, 21, 'Maharajpur'),
(2298, 21, 'Maheshwar'),
(2299, 21, 'Mahidpur'),
(2300, 21, 'Maihar'),
(2301, 21, 'Majholi'),
(2302, 21, 'Makronia'),
(2303, 21, 'Maksi'),
(2304, 21, 'Malaj Khand'),
(2305, 21, 'Malanpur'),
(2306, 21, 'Malhargarh'),
(2307, 21, 'Manasa'),
(2308, 21, 'Manawar'),
(2309, 21, 'Mandav'),
(2310, 21, 'Mandideep'),
(2311, 21, 'Mandla'),
(2312, 21, 'Mandleshwar'),
(2313, 21, 'Mandsaur'),
(2314, 21, 'Manegaon'),
(2315, 21, 'Mangawan'),
(2316, 21, 'Manglaya Sadak'),
(2317, 21, 'Manpur'),
(2318, 21, 'Mau'),
(2319, 21, 'Mauganj'),
(2320, 21, 'Meghnagar');
INSERT INTO `banshee_ciudad` (`ciudad_id`, `departamento_id`, `nombre`) VALUES
(2321, 21, 'Mehara Gaon');

-- --------------------------------------------------------

--
-- Table structure for table `banshee_cliente`
--

CREATE TABLE `banshee_cliente` (
  `cliente_id` int(11) NOT NULL,
  `nit` varchar(100) DEFAULT NULL,
  `nombre` varchar(40) DEFAULT NULL,
  `direccion` varchar(60) DEFAULT NULL,
  `telefono` int(10) DEFAULT NULL,
  `ciudad_id` int(11) DEFAULT NULL,
  `cupo` int(11) DEFAULT NULL,
  `saldo_cupo` int(11) DEFAULT NULL,
  `porcentaje_visita` int(11) DEFAULT NULL,
  `created_at` timestamp NULL DEFAULT NULL,
  `updated_at` timestamp NULL DEFAULT NULL
) ENGINE=InnoDB DEFAULT CHARSET=utf8;

-- --------------------------------------------------------

--
-- Table structure for table `banshee_departamento`
--

CREATE TABLE `banshee_departamento` (
  `departamento_id` int(11) NOT NULL,
  `pais_id` int(11) DEFAULT NULL,
  `nombre` varchar(30) DEFAULT NULL
) ENGINE=InnoDB DEFAULT CHARSET=utf8 ROW_FORMAT=COMPACT;

--
-- Dumping data for table `banshee_departamento`
--

INSERT INTO `banshee_departamento` (`departamento_id`, `pais_id`, `nombre`) VALUES
(1, 124, 'Fezzan'),
(2, 124, 'Banghazi'),
(3, 124, 'Darnah'),
(4, 124, 'Ghadamis'),
(5, 124, 'Gharyan'),
(6, 124, 'Misratah'),
(7, 124, 'Murzuq'),
(8, 124, 'Sabha'),
(9, 124, 'Sawfajjin'),
(10, 124, 'Surt'),
(11, 124, 'Tarabulus'),
(12, 124, 'Tarhunah'),
(13, 124, 'Tripolitania'),
(14, 124, 'Tubruq'),
(15, 124, 'Yafran'),
(16, 124, 'Zlitan'),
(17, 124, 'al-\'Aziziyah'),
(18, 124, 'al-Fatih'),
(19, 124, 'al-Jabal al Akhdar'),
(20, 124, 'al-Jufrah'),
(21, 124, 'al-Khums'),
(22, 124, 'al-Kufrah'),
(23, 124, 'an-Nuqat al-Khams'),
(24, 124, 'ash-Shati\''),
(25, 124, 'az-Zawiyah'),
(26, 125, 'Balzers'),
(27, 125, 'Eschen'),
(28, 125, 'Gamprin'),
(29, 125, 'Mauren'),
(30, 125, 'Planken'),
(31, 125, 'Ruggell'),
(32, 125, 'Schaan'),
(33, 125, 'Schellenberg'),
(34, 125, 'Triesen'),
(35, 125, 'Triesenberg'),
(36, 125, 'Vaduz'),
(37, 126, 'Alytaus'),
(38, 126, 'Anyksciai'),
(39, 126, 'Kauno'),
(40, 126, 'Klaipedos'),
(41, 126, 'Marijampoles'),
(42, 126, 'Panevezhio'),
(43, 126, 'Panevezys'),
(44, 126, 'Shiauliu'),
(45, 126, 'Taurages'),
(46, 126, 'Telshiu'),
(47, 126, 'Telsiai'),
(48, 126, 'Utenos'),
(49, 126, 'Vilniaus'),
(50, 127, 'Capellen'),
(51, 127, 'Clervaux'),
(52, 127, 'Diekirch'),
(53, 127, 'Echternach'),
(54, 127, 'Esch-sur-Alzette'),
(55, 127, 'Grevenmacher'),
(56, 127, 'Luxembourg'),
(57, 127, 'Mersch'),
(58, 127, 'Redange'),
(59, 127, 'Remich'),
(60, 127, 'Vianden'),
(61, 127, 'Wiltz'),
(62, 128, 'Macau'),
(63, 129, 'Berovo'),
(64, 129, 'Bitola'),
(65, 129, 'Brod'),
(66, 129, 'Debar'),
(67, 129, 'Delchevo'),
(68, 129, 'Demir Hisar'),
(69, 129, 'Gevgelija'),
(70, 129, 'Gostivar'),
(71, 129, 'Kavadarci'),
(72, 129, 'Kichevo'),
(73, 129, 'Kochani'),
(74, 129, 'Kratovo'),
(75, 129, 'Kriva Palanka'),
(76, 129, 'Krushevo'),
(77, 129, 'Kumanovo'),
(78, 129, 'Negotino'),
(79, 129, 'Ohrid'),
(80, 129, 'Prilep'),
(81, 129, 'Probishtip'),
(82, 129, 'Radovish'),
(83, 129, 'Resen'),
(84, 129, 'Shtip'),
(85, 129, 'Skopje'),
(86, 129, 'Struga'),
(87, 129, 'Strumica'),
(88, 129, 'Sveti Nikole'),
(89, 129, 'Tetovo'),
(90, 129, 'Valandovo'),
(91, 129, 'Veles'),
(92, 129, 'Vinica'),
(93, 130, 'Antananarivo'),
(94, 130, 'Antsiranana'),
(95, 130, 'Fianarantsoa'),
(96, 130, 'Mahajanga'),
(97, 130, 'Toamasina'),
(98, 130, 'Toliary'),
(99, 131, 'Balaka'),
(100, 131, 'Blantyre City'),
(101, 131, 'Chikwawa'),
(102, 131, 'Chiradzulu'),
(103, 131, 'Chitipa'),
(104, 131, 'Dedza'),
(105, 131, 'Dowa'),
(106, 131, 'Karonga'),
(107, 131, 'Kasungu'),
(108, 131, 'Lilongwe City'),
(109, 131, 'Machinga'),
(110, 131, 'Mangochi'),
(111, 131, 'Mchinji'),
(112, 131, 'Mulanje'),
(113, 131, 'Mwanza'),
(114, 131, 'Mzimba'),
(115, 131, 'Mzuzu City'),
(116, 131, 'Nkhata Bay'),
(117, 131, 'Nkhotakota'),
(118, 131, 'Nsanje'),
(119, 131, 'Ntcheu'),
(120, 131, 'Ntchisi'),
(121, 131, 'Phalombe'),
(122, 131, 'Rumphi'),
(123, 131, 'Salima'),
(124, 131, 'Thyolo'),
(125, 131, 'Zomba Municipality'),
(126, 132, 'Johor'),
(127, 132, 'Kedah'),
(128, 132, 'Kelantan'),
(129, 132, 'Kuala Lumpur'),
(130, 132, 'Labuan'),
(131, 132, 'Melaka'),
(132, 132, 'Negeri Johor'),
(133, 132, 'Negeri Sembilan'),
(134, 132, 'Pahang'),
(135, 132, 'Penang'),
(136, 132, 'Perak'),
(137, 132, 'Perlis'),
(138, 132, 'Pulau Pinang'),
(139, 132, 'Sabah'),
(140, 132, 'Sarawak'),
(141, 132, 'Selangor'),
(142, 132, 'Sembilan'),
(143, 132, 'Terengganu'),
(144, 133, 'Alif Alif'),
(145, 133, 'Alif Dhaal'),
(146, 133, 'Baa'),
(147, 133, 'Dhaal'),
(148, 133, 'Faaf'),
(149, 133, 'Gaaf Alif'),
(150, 133, 'Gaaf Dhaal'),
(151, 133, 'Ghaviyani'),
(152, 133, 'Haa Alif'),
(153, 133, 'Haa Dhaal'),
(154, 133, 'Kaaf'),
(155, 133, 'Laam'),
(156, 133, 'Lhaviyani'),
(157, 133, 'Male'),
(158, 133, 'Miim'),
(159, 133, 'Nuun'),
(160, 133, 'Raa'),
(161, 133, 'Shaviyani'),
(162, 133, 'Siin'),
(163, 133, 'Thaa'),
(164, 133, 'Vaav'),
(165, 134, 'Bamako'),
(166, 134, 'Gao'),
(167, 134, 'Kayes'),
(168, 134, 'Kidal'),
(169, 134, 'Koulikoro'),
(170, 134, 'Mopti'),
(171, 134, 'Segou'),
(172, 134, 'Sikasso'),
(173, 134, 'Tombouctou'),
(174, 135, 'Gozo and Comino'),
(175, 135, 'Inner Harbour'),
(176, 135, 'Northern'),
(177, 135, 'Outer Harbour'),
(178, 135, 'South Eastern'),
(179, 135, 'Valletta'),
(180, 135, 'Western'),
(181, 136, 'Castletown'),
(182, 136, 'Douglas'),
(183, 136, 'Laxey'),
(184, 136, 'Onchan'),
(185, 136, 'Peel'),
(186, 136, 'Port Erin'),
(187, 136, 'Port Saint Mary'),
(188, 136, 'Ramsey'),
(189, 137, 'Ailinlaplap'),
(190, 137, 'Ailuk'),
(191, 137, 'Arno'),
(192, 137, 'Aur'),
(193, 137, 'Bikini'),
(194, 137, 'Ebon'),
(195, 137, 'Enewetak'),
(196, 137, 'Jabat'),
(197, 137, 'Jaluit'),
(198, 137, 'Kili'),
(199, 137, 'Kwajalein'),
(200, 137, 'Lae'),
(201, 137, 'Lib'),
(202, 137, 'Likiep'),
(203, 137, 'Majuro'),
(204, 137, 'Maloelap'),
(205, 137, 'Mejit'),
(206, 137, 'Mili'),
(207, 137, 'Namorik'),
(208, 137, 'Namu'),
(209, 137, 'Rongelap'),
(210, 137, 'Ujae'),
(211, 137, 'Utrik'),
(212, 137, 'Wotho'),
(213, 137, 'Wotje'),
(214, 138, 'Fort-de-France'),
(215, 138, 'La Trinite'),
(216, 138, 'Le Marin'),
(217, 138, 'Saint-Pierre'),
(218, 139, 'Adrar'),
(219, 139, 'Assaba'),
(220, 139, 'Brakna'),
(221, 139, 'Dhakhlat Nawadibu'),
(222, 139, 'Hudh-al-Gharbi'),
(223, 139, 'Hudh-ash-Sharqi'),
(224, 139, 'Inshiri'),
(225, 139, 'Nawakshut'),
(226, 139, 'Qidimagha'),
(227, 139, 'Qurqul'),
(228, 139, 'Taqant'),
(229, 139, 'Tiris Zammur'),
(230, 139, 'Trarza'),
(231, 140, 'Black River'),
(232, 140, 'Eau Coulee'),
(233, 140, 'Flacq'),
(234, 140, 'Floreal'),
(235, 140, 'Grand Port'),
(236, 140, 'Moka'),
(237, 140, 'Pamplempousses'),
(238, 140, 'Plaines Wilhelm'),
(239, 140, 'Port Louis'),
(240, 140, 'Riviere du Rempart'),
(241, 140, 'Rodrigues'),
(242, 140, 'Rose Hill'),
(243, 140, 'Savanne'),
(244, 141, 'Mayotte'),
(245, 141, 'Pamanzi'),
(246, 142, 'Aguascalientes'),
(247, 142, 'Baja California'),
(248, 142, 'Baja California Sur'),
(249, 142, 'Campeche'),
(250, 142, 'Chiapas'),
(251, 142, 'Chihuahua'),
(252, 142, 'Coahuila'),
(253, 142, 'Colima'),
(254, 142, 'Distrito Federal'),
(255, 142, 'Durango'),
(256, 142, 'Estado de Mexico'),
(257, 142, 'Guanajuato'),
(258, 142, 'Guerrero'),
(259, 142, 'Hidalgo'),
(260, 142, 'Jalisco'),
(261, 142, 'Mexico'),
(262, 142, 'Michoacan'),
(263, 142, 'Morelos'),
(264, 142, 'Nayarit'),
(265, 142, 'Nuevo Leon'),
(266, 142, 'Oaxaca'),
(267, 142, 'Puebla'),
(268, 142, 'Queretaro'),
(269, 142, 'Quintana Roo'),
(270, 142, 'San Luis Potosi'),
(271, 142, 'Sinaloa'),
(272, 142, 'Sonora'),
(273, 142, 'Tabasco'),
(274, 142, 'Tamaulipas'),
(275, 142, 'Tlaxcala'),
(276, 142, 'Veracruz'),
(277, 142, 'Yucatan'),
(278, 142, 'Zacatecas'),
(279, 143, 'Chuuk'),
(280, 143, 'Kusaie'),
(281, 143, 'Pohnpei'),
(282, 143, 'Yap'),
(283, 144, 'Balti'),
(284, 144, 'Cahul'),
(285, 144, 'Chisinau'),
(286, 144, 'Chisinau Oras'),
(287, 144, 'Edinet'),
(288, 144, 'Gagauzia'),
(289, 144, 'Lapusna'),
(290, 144, 'Orhei'),
(291, 144, 'Soroca'),
(292, 144, 'Taraclia'),
(293, 144, 'Tighina'),
(294, 144, 'Transnistria'),
(295, 144, 'Ungheni'),
(296, 145, 'Fontvieille'),
(297, 145, 'La Condamine'),
(298, 145, 'Monaco-Ville'),
(299, 145, 'Monte Carlo'),
(300, 146, 'Arhangaj'),
(301, 146, 'Bajan-Olgij'),
(302, 146, 'Bajanhongor'),
(303, 146, 'Bulgan'),
(304, 146, 'Darhan-Uul'),
(305, 146, 'Dornod'),
(306, 146, 'Dornogovi'),
(307, 146, 'Dundgovi'),
(308, 146, 'Govi-Altaj'),
(309, 146, 'Govisumber'),
(310, 146, 'Hentij'),
(311, 146, 'Hovd'),
(312, 146, 'Hovsgol'),
(313, 146, 'Omnogovi'),
(314, 146, 'Orhon'),
(315, 146, 'Ovorhangaj'),
(316, 146, 'Selenge'),
(317, 146, 'Suhbaatar'),
(318, 146, 'Tov'),
(319, 146, 'Ulaanbaatar'),
(320, 146, 'Uvs'),
(321, 146, 'Zavhan'),
(322, 147, 'Montserrat'),
(323, 148, 'Agadir'),
(324, 148, 'Casablanca'),
(325, 148, 'Chaouia-Ouardigha'),
(326, 148, 'Doukkala-Abda'),
(327, 148, 'Fes-Boulemane'),
(328, 148, 'Gharb-Chrarda-Beni Hssen'),
(329, 148, 'Guelmim'),
(330, 148, 'Kenitra'),
(331, 148, 'Marrakech-Tensift-Al Haouz'),
(332, 148, 'Meknes-Tafilalet'),
(333, 148, 'Oriental'),
(334, 148, 'Oujda'),
(335, 148, 'Province de Tanger'),
(336, 148, 'Rabat-Sale-Zammour-Zaer'),
(337, 148, 'Sala Al Jadida'),
(338, 148, 'Settat'),
(339, 148, 'Souss Massa-Draa'),
(340, 148, 'Tadla-Azilal'),
(341, 148, 'Tangier-Tetouan'),
(342, 148, 'Taza-Al Hoceima-Taounate'),
(343, 148, 'Wilaya de Casablanca'),
(344, 148, 'Wilaya de Rabat-Sale'),
(345, 149, 'Cabo Delgado'),
(346, 149, 'Gaza'),
(347, 149, 'Inhambane'),
(348, 149, 'Manica'),
(349, 149, 'Maputo'),
(350, 149, 'Maputo Provincia'),
(351, 149, 'Nampula'),
(352, 149, 'Niassa'),
(353, 149, 'Sofala'),
(354, 149, 'Tete'),
(355, 149, 'Zambezia'),
(356, 150, 'Ayeyarwady'),
(357, 150, 'Bago'),
(358, 150, 'Chin'),
(359, 150, 'Kachin'),
(360, 150, 'Kayah'),
(361, 150, 'Kayin'),
(362, 150, 'Magway'),
(363, 150, 'Mandalay'),
(364, 150, 'Mon'),
(365, 150, 'Nay Pyi Taw'),
(366, 150, 'Rakhine'),
(367, 150, 'Sagaing'),
(368, 150, 'Shan'),
(369, 150, 'Tanintharyi'),
(370, 150, 'Yangon'),
(371, 151, 'Caprivi'),
(372, 151, 'Erongo'),
(373, 151, 'Hardap'),
(374, 151, 'Karas'),
(375, 151, 'Kavango'),
(376, 151, 'Khomas'),
(377, 151, 'Kunene'),
(378, 151, 'Ohangwena'),
(379, 151, 'Omaheke'),
(380, 151, 'Omusati'),
(381, 151, 'Oshana'),
(382, 151, 'Oshikoto'),
(383, 151, 'Otjozondjupa'),
(384, 152, 'Yaren'),
(385, 153, 'Bagmati'),
(386, 153, 'Bheri'),
(387, 153, 'Dhawalagiri'),
(388, 153, 'Gandaki'),
(389, 153, 'Janakpur'),
(390, 153, 'Karnali'),
(391, 153, 'Koshi'),
(392, 153, 'Lumbini'),
(393, 153, 'Mahakali'),
(394, 153, 'Mechi'),
(395, 153, 'Narayani'),
(396, 153, 'Rapti'),
(397, 153, 'Sagarmatha'),
(398, 153, 'Seti'),
(399, 154, 'Bonaire'),
(400, 154, 'Curacao'),
(401, 154, 'Saba'),
(402, 154, 'Sint Eustatius'),
(403, 154, 'Sint Maarten'),
(404, 155, 'Amsterdam'),
(405, 155, 'Benelux'),
(406, 155, 'Drenthe'),
(407, 155, 'Flevoland'),
(408, 155, 'Friesland'),
(409, 155, 'Gelderland'),
(410, 155, 'Groningen'),
(411, 155, 'Limburg'),
(412, 155, 'Noord-Brabant'),
(413, 155, 'Noord-Holland'),
(414, 155, 'Overijssel'),
(415, 155, 'South Holland'),
(416, 155, 'Utrecht'),
(417, 155, 'Zeeland'),
(418, 155, 'Zuid-Holland'),
(419, 156, 'Iles'),
(420, 156, 'Nord'),
(421, 156, 'Sud'),
(422, 157, 'Area Outside Region'),
(423, 157, 'Auckland'),
(424, 157, 'Bay of Plenty'),
(425, 157, 'Canterbury'),
(426, 157, 'Christchurch'),
(427, 157, 'Gisborne'),
(428, 157, 'Hawke\'s Bay'),
(429, 157, 'Manawatu-Wanganui'),
(430, 157, 'Marlborough'),
(431, 157, 'Nelson'),
(432, 157, 'Northland'),
(433, 157, 'Otago'),
(434, 157, 'Rodney'),
(435, 157, 'Southland'),
(436, 157, 'Taranaki'),
(437, 157, 'Tasman'),
(438, 157, 'Waikato'),
(439, 157, 'Wellington'),
(440, 157, 'West Coast'),
(441, 158, 'Atlantico Norte'),
(442, 158, 'Atlantico Sur'),
(443, 158, 'Boaco'),
(444, 158, 'Carazo'),
(445, 158, 'Chinandega'),
(446, 158, 'Chontales'),
(447, 158, 'Esteli'),
(448, 158, 'Granada'),
(449, 158, 'Jinotega'),
(450, 158, 'Leon'),
(451, 158, 'Madriz'),
(452, 158, 'Managua'),
(453, 158, 'Masaya'),
(454, 158, 'Matagalpa'),
(455, 158, 'Nueva Segovia'),
(456, 158, 'Rio San Juan'),
(457, 158, 'Rivas'),
(458, 159, 'Agadez'),
(459, 159, 'Diffa'),
(460, 159, 'Dosso'),
(461, 159, 'Maradi'),
(462, 159, 'Niamey'),
(463, 159, 'Tahoua'),
(464, 159, 'Tillabery'),
(465, 159, 'Zinder'),
(466, 160, 'Abia'),
(467, 160, 'Abuja Federal Capital Territor'),
(468, 160, 'Adamawa'),
(469, 160, 'Akwa Ibom'),
(470, 160, 'Anambra'),
(471, 160, 'Bauchi'),
(472, 160, 'Bayelsa'),
(473, 160, 'Benue'),
(474, 160, 'Borno'),
(475, 160, 'Cross River'),
(476, 160, 'Delta'),
(477, 160, 'Ebonyi'),
(478, 160, 'Edo'),
(479, 160, 'Ekiti'),
(480, 160, 'Enugu'),
(481, 160, 'Gombe'),
(482, 160, 'Imo'),
(483, 160, 'Jigawa'),
(484, 160, 'Kaduna'),
(485, 160, 'Kano'),
(486, 160, 'Katsina'),
(487, 160, 'Kebbi'),
(488, 160, 'Kogi'),
(489, 160, 'Kwara'),
(490, 160, 'Lagos'),
(491, 160, 'Nassarawa'),
(492, 160, 'Niger'),
(493, 160, 'Ogun'),
(494, 160, 'Ondo'),
(495, 160, 'Osun'),
(496, 160, 'Oyo'),
(497, 160, 'Plateau'),
(498, 160, 'Rivers'),
(499, 160, 'Sokoto'),
(500, 160, 'Taraba'),
(501, 160, 'Yobe'),
(502, 160, 'Zamfara'),
(503, 161, 'Niue'),
(504, 162, 'Norfolk Island'),
(505, 163, 'Northern Islands'),
(506, 163, 'Rota'),
(507, 163, 'Saipan'),
(508, 163, 'Tinian'),
(509, 164, 'Akershus'),
(510, 164, 'Aust Agder'),
(511, 164, 'Bergen'),
(512, 164, 'Buskerud'),
(513, 164, 'Finnmark'),
(514, 164, 'Hedmark'),
(515, 164, 'Hordaland'),
(516, 164, 'Moere og Romsdal'),
(517, 164, 'Nord Trondelag'),
(518, 164, 'Nordland'),
(519, 164, 'Oestfold'),
(520, 164, 'Oppland'),
(521, 164, 'Oslo'),
(522, 164, 'Rogaland'),
(523, 164, 'Soer Troendelag'),
(524, 164, 'Sogn og Fjordane'),
(525, 164, 'Stavern'),
(526, 164, 'Sykkylven'),
(527, 164, 'Telemark'),
(528, 164, 'Troms'),
(529, 164, 'Vest Agder'),
(530, 164, 'Vestfold'),
(531, 164, 'stfold'),
(532, 165, 'Al Buraimi'),
(533, 165, 'Dhufar'),
(534, 165, 'Masqat'),
(535, 165, 'Musandam'),
(536, 165, 'Rusayl'),
(537, 165, 'Wadi Kabir'),
(538, 165, 'ad-Dakhiliyah'),
(539, 165, 'adh-Dhahirah'),
(540, 165, 'al-Batinah'),
(541, 165, 'ash-Sharqiyah'),
(542, 166, 'Baluchistan'),
(543, 166, 'Federal Capital Area'),
(544, 166, 'Federally administered Tribal '),
(545, 166, 'North-West Frontier'),
(546, 166, 'Northern Areas'),
(547, 166, 'Punjab'),
(548, 166, 'Sind'),
(549, 167, 'Aimeliik'),
(550, 167, 'Airai'),
(551, 167, 'Angaur'),
(552, 167, 'Hatobohei'),
(553, 167, 'Kayangel'),
(554, 167, 'Koror'),
(555, 167, 'Melekeok'),
(556, 167, 'Ngaraard'),
(557, 167, 'Ngardmau'),
(558, 167, 'Ngaremlengui'),
(559, 167, 'Ngatpang'),
(560, 167, 'Ngchesar'),
(561, 167, 'Ngerchelong'),
(562, 167, 'Ngiwal'),
(563, 167, 'Peleliu'),
(564, 167, 'Sonsorol'),
(565, 168, 'Ariha'),
(566, 168, 'Bayt Lahm'),
(567, 168, 'Bethlehem'),
(568, 168, 'Dayr-al-Balah'),
(569, 168, 'Ghazzah'),
(570, 168, 'Ghazzah ash-Shamaliyah'),
(571, 168, 'Janin'),
(572, 168, 'Khan Yunis'),
(573, 168, 'Nabulus'),
(574, 168, 'Qalqilyah'),
(575, 168, 'Rafah'),
(576, 168, 'Ram Allah wal-Birah'),
(577, 168, 'Salfit'),
(578, 168, 'Tubas'),
(579, 168, 'Tulkarm'),
(580, 168, 'al-Khalil'),
(581, 168, 'al-Quds'),
(582, 169, 'Bocas del Toro'),
(583, 169, 'Chiriqui'),
(584, 169, 'Cocle'),
(585, 169, 'Colon'),
(586, 169, 'Darien'),
(587, 169, 'Embera'),
(588, 169, 'Herrera'),
(589, 169, 'Kuna Yala'),
(590, 169, 'Los Santos'),
(591, 169, 'Ngobe Bugle'),
(592, 169, 'Panama'),
(593, 169, 'Veraguas'),
(594, 170, 'East New Britain'),
(595, 170, 'East Sepik'),
(596, 170, 'Eastern Highlands'),
(597, 170, 'Enga'),
(598, 170, 'Fly River'),
(599, 170, 'Gulf'),
(600, 170, 'Madang'),
(601, 170, 'Manus'),
(602, 170, 'Milne Bay'),
(603, 170, 'Morobe'),
(604, 170, 'National Capital District'),
(605, 170, 'New Ireland'),
(606, 170, 'North Solomons'),
(607, 170, 'Oro'),
(608, 170, 'Sandaun'),
(609, 170, 'Simbu'),
(610, 170, 'Southern Highlands'),
(611, 170, 'West New Britain'),
(612, 170, 'Western Highlands'),
(613, 171, 'Alto Paraguay'),
(614, 171, 'Alto Parana'),
(615, 171, 'Amambay'),
(616, 171, 'Asuncion'),
(617, 171, 'Boqueron'),
(618, 171, 'Caaguazu'),
(619, 171, 'Caazapa'),
(620, 171, 'Canendiyu'),
(621, 171, 'Central'),
(622, 171, 'Concepcion'),
(623, 171, 'Cordillera'),
(624, 171, 'Guaira'),
(625, 171, 'Itapua'),
(626, 171, 'Misiones'),
(627, 171, 'Neembucu'),
(628, 171, 'Paraguari'),
(629, 171, 'Presidente Hayes'),
(630, 171, 'San Pedro'),
(631, 172, 'Amazonas'),
(632, 172, 'Ancash'),
(633, 172, 'Apurimac'),
(634, 172, 'Arequipa'),
(635, 172, 'Ayacucho'),
(636, 172, 'Cajamarca'),
(637, 172, 'Cusco'),
(638, 172, 'Huancavelica'),
(639, 172, 'Huanuco'),
(640, 172, 'Ica'),
(641, 172, 'Junin'),
(642, 172, 'La Libertad'),
(643, 172, 'Lambayeque'),
(644, 172, 'Lima y Callao'),
(645, 172, 'Loreto'),
(646, 172, 'Madre de Dios'),
(647, 172, 'Moquegua'),
(648, 172, 'Pasco'),
(649, 172, 'Piura'),
(650, 172, 'Puno'),
(651, 172, 'San Martin'),
(652, 172, 'Tacna'),
(653, 172, 'Tumbes'),
(654, 172, 'Ucayali'),
(655, 173, 'Batangas'),
(656, 173, 'Bicol'),
(657, 173, 'Bulacan'),
(658, 173, 'Cagayan'),
(659, 173, 'Caraga'),
(660, 173, 'Central Luzon'),
(661, 173, 'Central Mindanao'),
(662, 173, 'Central Visayas'),
(663, 173, 'Cordillera'),
(664, 173, 'Davao'),
(665, 173, 'Eastern Visayas'),
(666, 173, 'Greater Metropolitan Area'),
(667, 173, 'Ilocos'),
(668, 173, 'Laguna'),
(669, 173, 'Luzon'),
(670, 173, 'Mactan'),
(671, 173, 'Metropolitan Manila Area'),
(672, 173, 'Muslim Mindanao'),
(673, 173, 'Northern Mindanao'),
(674, 173, 'Southern Mindanao'),
(675, 173, 'Southern Tagalog'),
(676, 173, 'Western Mindanao'),
(677, 173, 'Western Visayas'),
(678, 174, 'Pitcairn Island'),
(679, 175, 'Biale Blota'),
(680, 175, 'Dobroszyce'),
(681, 175, 'Dolnoslaskie'),
(682, 175, 'Dziekanow Lesny'),
(683, 175, 'Hopowo'),
(684, 175, 'Kartuzy'),
(685, 175, 'Koscian'),
(686, 175, 'Krakow'),
(687, 175, 'Kujawsko-Pomorskie'),
(688, 175, 'Lodzkie'),
(689, 175, 'Lubelskie'),
(690, 175, 'Lubuskie'),
(691, 175, 'Malomice'),
(692, 175, 'Malopolskie'),
(693, 175, 'Mazowieckie'),
(694, 175, 'Mirkow'),
(695, 175, 'Opolskie'),
(696, 175, 'Ostrowiec'),
(697, 175, 'Podkarpackie'),
(698, 175, 'Podlaskie'),
(699, 175, 'Polska'),
(700, 175, 'Pomorskie'),
(701, 175, 'Poznan'),
(702, 175, 'Pruszkow'),
(703, 175, 'Rymanowska'),
(704, 175, 'Rzeszow'),
(705, 175, 'Slaskie'),
(706, 175, 'Stare Pole'),
(707, 175, 'Swietokrzyskie'),
(708, 175, 'Warminsko-Mazurskie'),
(709, 175, 'Warsaw'),
(710, 175, 'Wejherowo'),
(711, 175, 'Wielkopolskie'),
(712, 175, 'Wroclaw'),
(713, 175, 'Zachodnio-Pomorskie'),
(714, 175, 'Zukowo'),
(715, 176, 'Abrantes'),
(716, 176, 'Acores'),
(717, 176, 'Alentejo'),
(718, 176, 'Algarve'),
(719, 176, 'Braga'),
(720, 176, 'Centro'),
(721, 176, 'Distrito de Leiria'),
(722, 176, 'Distrito de Viana do Castelo'),
(723, 176, 'Distrito de Vila Real'),
(724, 176, 'Distrito do Porto'),
(725, 176, 'Lisboa e Vale do Tejo'),
(726, 176, 'Madeira'),
(727, 176, 'Norte'),
(728, 176, 'Paivas'),
(729, 177, 'Arecibo'),
(730, 177, 'Bayamon'),
(731, 177, 'Carolina'),
(732, 177, 'Florida'),
(733, 177, 'Guayama'),
(734, 177, 'Humacao'),
(735, 177, 'Mayaguez-Aguadilla'),
(736, 177, 'Ponce'),
(737, 177, 'Salinas'),
(738, 177, 'San Juan'),
(739, 178, 'Doha'),
(740, 178, 'Jarian-al-Batnah'),
(741, 178, 'Umm Salal'),
(742, 178, 'ad-Dawhah'),
(743, 178, 'al-Ghuwayriyah'),
(744, 178, 'al-Jumayliyah'),
(745, 178, 'al-Khawr'),
(746, 178, 'al-Wakrah'),
(747, 178, 'ar-Rayyan'),
(748, 178, 'ash-Shamal'),
(749, 179, 'Saint-Benoit'),
(750, 179, 'Saint-Denis'),
(751, 179, 'Saint-Paul'),
(752, 179, 'Saint-Pierre'),
(753, 180, 'Alba'),
(754, 180, 'Arad'),
(755, 180, 'Arges'),
(756, 180, 'Bacau'),
(757, 180, 'Bihor'),
(758, 180, 'Bistrita-Nasaud'),
(759, 180, 'Botosani'),
(760, 180, 'Braila'),
(761, 180, 'Brasov'),
(762, 180, 'Bucuresti'),
(763, 180, 'Buzau'),
(764, 180, 'Calarasi'),
(765, 180, 'Caras-Severin'),
(766, 180, 'Cluj'),
(767, 180, 'Constanta'),
(768, 180, 'Covasna'),
(769, 180, 'Dambovita'),
(770, 180, 'Dolj'),
(771, 180, 'Galati'),
(772, 180, 'Giurgiu'),
(773, 180, 'Gorj'),
(774, 180, 'Harghita'),
(775, 180, 'Hunedoara'),
(776, 180, 'Ialomita'),
(777, 180, 'Iasi'),
(778, 180, 'Ilfov'),
(779, 180, 'Maramures'),
(780, 180, 'Mehedinti'),
(781, 180, 'Mures'),
(782, 180, 'Neamt'),
(783, 180, 'Olt'),
(784, 180, 'Prahova'),
(785, 180, 'Salaj'),
(786, 180, 'Satu Mare'),
(787, 180, 'Sibiu'),
(788, 180, 'Sondelor'),
(789, 180, 'Suceava'),
(790, 180, 'Teleorman'),
(791, 180, 'Timis'),
(792, 180, 'Tulcea'),
(793, 180, 'Valcea'),
(794, 180, 'Vaslui'),
(795, 180, 'Vrancea'),
(796, 181, 'Adygeja'),
(797, 181, 'Aga'),
(798, 181, 'Alanija'),
(799, 181, 'Altaj'),
(800, 181, 'Amur'),
(801, 181, 'Arhangelsk'),
(802, 181, 'Astrahan'),
(803, 181, 'Bashkortostan'),
(804, 181, 'Belgorod'),
(805, 181, 'Brjansk'),
(806, 181, 'Burjatija'),
(807, 181, 'Chechenija'),
(808, 181, 'Cheljabinsk'),
(809, 181, 'Chita'),
(810, 181, 'Chukotka'),
(811, 181, 'Chuvashija'),
(812, 181, 'Dagestan'),
(813, 181, 'Evenkija'),
(814, 181, 'Gorno-Altaj'),
(815, 181, 'Habarovsk'),
(816, 181, 'Hakasija'),
(817, 181, 'Hanty-Mansija'),
(818, 181, 'Ingusetija'),
(819, 181, 'Irkutsk'),
(820, 181, 'Ivanovo'),
(821, 181, 'Jamalo-Nenets'),
(822, 181, 'Jaroslavl'),
(823, 181, 'Jevrej'),
(824, 181, 'Kabardino-Balkarija'),
(825, 181, 'Kaliningrad'),
(826, 181, 'Kalmykija'),
(827, 181, 'Kaluga'),
(828, 181, 'Kamchatka'),
(829, 181, 'Karachaj-Cherkessija'),
(830, 181, 'Karelija'),
(831, 181, 'Kemerovo'),
(832, 181, 'Khabarovskiy Kray'),
(833, 181, 'Kirov'),
(834, 181, 'Komi'),
(835, 181, 'Komi-Permjakija'),
(836, 181, 'Korjakija'),
(837, 181, 'Kostroma'),
(838, 181, 'Krasnodar'),
(839, 181, 'Krasnojarsk'),
(840, 181, 'Krasnoyarskiy Kray'),
(841, 181, 'Kurgan'),
(842, 181, 'Kursk'),
(843, 181, 'Leningrad'),
(844, 181, 'Lipeck'),
(845, 181, 'Magadan'),
(846, 181, 'Marij El'),
(847, 181, 'Mordovija'),
(848, 181, 'Moscow'),
(849, 181, 'Moskovskaja Oblast'),
(850, 181, 'Moskovskaya Oblast'),
(851, 181, 'Moskva'),
(852, 181, 'Murmansk'),
(853, 181, 'Nenets'),
(854, 181, 'Nizhnij Novgorod'),
(855, 181, 'Novgorod'),
(856, 181, 'Novokusnezk'),
(857, 181, 'Novosibirsk'),
(858, 181, 'Omsk'),
(859, 181, 'Orenburg'),
(860, 181, 'Orjol'),
(861, 181, 'Penza'),
(862, 181, 'Perm'),
(863, 181, 'Primorje'),
(864, 181, 'Pskov'),
(865, 181, 'Pskovskaya Oblast'),
(866, 181, 'Rjazan'),
(867, 181, 'Rostov'),
(868, 181, 'Saha'),
(869, 181, 'Sahalin'),
(870, 181, 'Samara'),
(871, 181, 'Samarskaya'),
(872, 181, 'Sankt-Peterburg'),
(873, 181, 'Saratov'),
(874, 181, 'Smolensk'),
(875, 181, 'Stavropol'),
(876, 181, 'Sverdlovsk'),
(877, 181, 'Tajmyrija'),
(878, 181, 'Tambov'),
(879, 181, 'Tatarstan'),
(880, 181, 'Tjumen'),
(881, 181, 'Tomsk'),
(882, 181, 'Tula'),
(883, 181, 'Tver'),
(884, 181, 'Tyva'),
(885, 181, 'Udmurtija'),
(886, 181, 'Uljanovsk'),
(887, 181, 'Ulyanovskaya Oblast'),
(888, 181, 'Ust-Orda'),
(889, 181, 'Vladimir'),
(890, 181, 'Volgograd'),
(891, 181, 'Vologda'),
(892, 181, 'Voronezh'),
(893, 182, 'Butare'),
(894, 182, 'Byumba'),
(895, 182, 'Cyangugu'),
(896, 182, 'Gikongoro'),
(897, 182, 'Gisenyi'),
(898, 182, 'Gitarama'),
(899, 182, 'Kibungo'),
(900, 182, 'Kibuye'),
(901, 182, 'Kigali-ngali'),
(902, 182, 'Ruhengeri'),
(903, 183, 'Ascension'),
(904, 183, 'Gough Island'),
(905, 183, 'Saint Helena'),
(906, 183, 'Tristan da Cunha'),
(907, 184, 'Christ Church Nichola Town'),
(908, 184, 'Saint Anne Sandy Point'),
(909, 184, 'Saint George Basseterre'),
(910, 184, 'Saint George Gingerland'),
(911, 184, 'Saint James Windward'),
(912, 184, 'Saint John Capesterre'),
(913, 184, 'Saint John Figtree'),
(914, 184, 'Saint Mary Cayon'),
(915, 184, 'Saint Paul Capesterre'),
(916, 184, 'Saint Paul Charlestown'),
(917, 184, 'Saint Peter Basseterre'),
(918, 184, 'Saint Thomas Lowland'),
(919, 184, 'Saint Thomas Middle Island'),
(920, 184, 'Trinity Palmetto Point'),
(921, 185, 'Anse-la-Raye'),
(922, 185, 'Canaries'),
(923, 185, 'Castries'),
(924, 185, 'Choiseul'),
(925, 185, 'Dennery'),
(926, 185, 'Gros Inlet'),
(927, 185, 'Laborie'),
(928, 185, 'Micoud'),
(929, 185, 'Soufriere'),
(930, 185, 'Vieux Fort'),
(931, 186, 'Miquelon-Langlade'),
(932, 186, 'Saint-Pierre'),
(933, 187, 'Charlotte'),
(934, 187, 'Grenadines'),
(935, 187, 'Saint Andrew'),
(936, 187, 'Saint David'),
(937, 187, 'Saint George'),
(938, 187, 'Saint Patrick'),
(939, 188, 'A\'ana'),
(940, 188, 'Aiga-i-le-Tai'),
(941, 188, 'Atua'),
(942, 188, 'Fa\'asaleleaga'),
(943, 188, 'Gaga\'emauga'),
(944, 188, 'Gagaifomauga'),
(945, 188, 'Palauli'),
(946, 188, 'Satupa\'itea'),
(947, 188, 'Tuamasaga'),
(948, 188, 'Va\'a-o-Fonoti'),
(949, 188, 'Vaisigano'),
(950, 189, 'Acquaviva'),
(951, 189, 'Borgo Maggiore'),
(952, 189, 'Chiesanuova'),
(953, 189, 'Domagnano'),
(954, 189, 'Faetano'),
(955, 189, 'Fiorentino'),
(956, 189, 'Montegiardino'),
(957, 189, 'San Marino'),
(958, 189, 'Serravalle'),
(959, 190, 'Agua Grande'),
(960, 190, 'Cantagalo'),
(961, 190, 'Lemba'),
(962, 190, 'Lobata'),
(963, 190, 'Me-Zochi'),
(964, 190, 'Pague'),
(965, 191, 'Al Khobar'),
(966, 191, 'Aseer'),
(967, 191, 'Ash Sharqiyah'),
(968, 191, 'Asir'),
(969, 191, 'Central Province'),
(970, 191, 'Eastern Province'),
(971, 191, 'Ha\'il'),
(972, 191, 'Jawf'),
(973, 191, 'Jizan'),
(974, 191, 'Makkah'),
(975, 191, 'Najran'),
(976, 191, 'Qasim'),
(977, 191, 'Tabuk'),
(978, 191, 'Western Province'),
(979, 191, 'al-Bahah'),
(980, 191, 'al-Hudud-ash-Shamaliyah'),
(981, 191, 'al-Madinah'),
(982, 191, 'ar-Riyad'),
(983, 192, 'Dakar'),
(984, 192, 'Diourbel'),
(985, 192, 'Fatick'),
(986, 192, 'Kaolack'),
(987, 192, 'Kolda'),
(988, 192, 'Louga'),
(989, 192, 'Saint-Louis'),
(990, 192, 'Tambacounda'),
(991, 192, 'Thies'),
(992, 192, 'Ziguinchor'),
(993, 193, 'Central Serbia'),
(994, 193, 'Kosovo and Metohija'),
(995, 193, 'Vojvodina'),
(996, 194, 'Anse Boileau'),
(997, 194, 'Anse Royale'),
(998, 194, 'Cascade'),
(999, 194, 'Takamaka'),
(1000, 194, 'Victoria'),
(1001, 195, 'Eastern'),
(1002, 195, 'Northern'),
(1003, 195, 'Southern'),
(1004, 195, 'Western'),
(1005, 196, 'Singapore'),
(1006, 197, 'Banskobystricky'),
(1007, 197, 'Bratislavsky'),
(1008, 197, 'Kosicky'),
(1009, 197, 'Nitriansky'),
(1010, 197, 'Presovsky'),
(1011, 197, 'Trenciansky'),
(1012, 197, 'Trnavsky'),
(1013, 197, 'Zilinsky'),
(1014, 198, 'Benedikt'),
(1015, 198, 'Gorenjska'),
(1016, 198, 'Gorishka'),
(1017, 198, 'Jugovzhodna Slovenija'),
(1018, 198, 'Koroshka'),
(1019, 198, 'Notranjsko-krashka'),
(1020, 198, 'Obalno-krashka'),
(1021, 198, 'Obcina Domzale'),
(1022, 198, 'Obcina Vitanje'),
(1023, 198, 'Osrednjeslovenska'),
(1024, 198, 'Podravska'),
(1025, 198, 'Pomurska'),
(1026, 198, 'Savinjska'),
(1027, 198, 'Slovenian Littoral'),
(1028, 198, 'Spodnjeposavska'),
(1029, 198, 'Zasavska'),
(1030, 199, 'Pitcairn'),
(1031, 200, 'Central'),
(1032, 200, 'Choiseul'),
(1033, 200, 'Guadalcanal'),
(1034, 200, 'Isabel'),
(1035, 200, 'Makira and Ulawa'),
(1036, 200, 'Malaita'),
(1037, 200, 'Rennell and Bellona'),
(1038, 200, 'Temotu'),
(1039, 200, 'Western'),
(1040, 201, 'Awdal'),
(1041, 201, 'Bakol'),
(1042, 201, 'Banadir'),
(1043, 201, 'Bari'),
(1044, 201, 'Bay'),
(1045, 201, 'Galgudug'),
(1046, 201, 'Gedo'),
(1047, 201, 'Hiran'),
(1048, 201, 'Jubbada Hose'),
(1049, 201, 'Jubbadha Dexe'),
(1050, 201, 'Mudug'),
(1051, 201, 'Nugal'),
(1052, 201, 'Sanag'),
(1053, 201, 'Shabellaha Dhexe'),
(1054, 201, 'Shabellaha Hose'),
(1055, 201, 'Togdher'),
(1056, 201, 'Woqoyi Galbed'),
(1057, 202, 'Eastern Cape'),
(1058, 202, 'Free State'),
(1059, 202, 'Gauteng'),
(1060, 202, 'Kempton Park'),
(1061, 202, 'Kramerville'),
(1062, 202, 'KwaZulu Natal'),
(1063, 202, 'Limpopo'),
(1064, 202, 'Mpumalanga'),
(1065, 202, 'North West'),
(1066, 202, 'Northern Cape'),
(1067, 202, 'Parow'),
(1068, 202, 'Table View'),
(1069, 202, 'Umtentweni'),
(1070, 202, 'Western Cape'),
(1071, 203, 'South Georgia'),
(1072, 204, 'Central Equatoria'),
(1073, 205, 'A Coruna'),
(1074, 205, 'Alacant'),
(1075, 205, 'Alava'),
(1076, 205, 'Albacete'),
(1077, 205, 'Almeria'),
(1078, 205, 'Andalucia'),
(1079, 205, 'Asturias'),
(1080, 205, 'Avila'),
(1081, 205, 'Badajoz'),
(1082, 205, 'Balears'),
(1083, 205, 'Barcelona'),
(1084, 205, 'Bertamirans'),
(1085, 205, 'Biscay'),
(1086, 205, 'Burgos'),
(1087, 205, 'Caceres'),
(1088, 205, 'Cadiz'),
(1089, 205, 'Cantabria'),
(1090, 205, 'Castello'),
(1091, 205, 'Catalunya'),
(1092, 205, 'Ceuta'),
(1093, 205, 'Ciudad Real'),
(1094, 205, 'Comunidad Autonoma de Canarias'),
(1095, 205, 'Comunidad Autonoma de Cataluna'),
(1096, 205, 'Comunidad Autonoma de Galicia'),
(1097, 205, 'Comunidad Autonoma de las Isla'),
(1098, 205, 'Comunidad Autonoma del Princip'),
(1099, 205, 'Comunidad Valenciana'),
(1100, 205, 'Cordoba'),
(1101, 205, 'Cuenca'),
(1102, 205, 'Gipuzkoa'),
(1103, 205, 'Girona'),
(1104, 205, 'Granada'),
(1105, 205, 'Guadalajara'),
(1106, 205, 'Guipuzcoa'),
(1107, 205, 'Huelva'),
(1108, 205, 'Huesca'),
(1109, 205, 'Jaen'),
(1110, 205, 'La Rioja'),
(1111, 205, 'Las Palmas'),
(1112, 205, 'Leon'),
(1113, 205, 'Lerida'),
(1114, 205, 'Lleida'),
(1115, 205, 'Lugo'),
(1116, 205, 'Madrid'),
(1117, 205, 'Malaga'),
(1118, 205, 'Melilla'),
(1119, 205, 'Murcia'),
(1120, 205, 'Navarra'),
(1121, 205, 'Ourense'),
(1122, 205, 'Pais Vasco'),
(1123, 205, 'Palencia'),
(1124, 205, 'Pontevedra'),
(1125, 205, 'Salamanca'),
(1126, 205, 'Santa Cruz de Tenerife'),
(1127, 205, 'Segovia'),
(1128, 205, 'Sevilla'),
(1129, 205, 'Soria'),
(1130, 205, 'Tarragona'),
(1131, 205, 'Tenerife'),
(1132, 205, 'Teruel'),
(1133, 205, 'Toledo'),
(1134, 205, 'Valencia'),
(1135, 205, 'Valladolid'),
(1136, 205, 'Vizcaya'),
(1137, 205, 'Zamora'),
(1138, 205, 'Zaragoza'),
(1139, 206, 'Amparai'),
(1140, 206, 'Anuradhapuraya'),
(1141, 206, 'Badulla'),
(1142, 206, 'Boralesgamuwa'),
(1143, 206, 'Colombo'),
(1144, 206, 'Galla'),
(1145, 206, 'Gampaha'),
(1146, 206, 'Hambantota'),
(1147, 206, 'Kalatura'),
(1148, 206, 'Kegalla'),
(1149, 206, 'Kilinochchi'),
(1150, 206, 'Kurunegala'),
(1151, 206, 'Madakalpuwa'),
(1152, 206, 'Maha Nuwara'),
(1153, 206, 'Malwana'),
(1154, 206, 'Mannarama'),
(1155, 206, 'Matale'),
(1156, 206, 'Matara'),
(1157, 206, 'Monaragala'),
(1158, 206, 'Mullaitivu'),
(1159, 206, 'North Eastern Province'),
(1160, 206, 'North Western Province'),
(1161, 206, 'Nuwara Eliya'),
(1162, 206, 'Polonnaruwa'),
(1163, 206, 'Puttalama'),
(1164, 206, 'Ratnapuraya'),
(1165, 206, 'Southern Province'),
(1166, 206, 'Tirikunamalaya'),
(1167, 206, 'Tuscany'),
(1168, 206, 'Vavuniyawa'),
(1169, 206, 'Western Province'),
(1170, 206, 'Yapanaya'),
(1171, 206, 'kadawatha'),
(1172, 207, 'A\'ali-an-Nil'),
(1173, 207, 'Bahr-al-Jabal'),
(1174, 207, 'Central Equatoria'),
(1175, 207, 'Gharb Bahr-al-Ghazal'),
(1176, 207, 'Gharb Darfur'),
(1177, 207, 'Gharb Kurdufan'),
(1178, 207, 'Gharb-al-Istiwa\'iyah'),
(1179, 207, 'Janub Darfur'),
(1180, 207, 'Janub Kurdufan'),
(1181, 207, 'Junqali'),
(1182, 207, 'Kassala'),
(1183, 207, 'Nahr-an-Nil'),
(1184, 207, 'Shamal Bahr-al-Ghazal'),
(1185, 207, 'Shamal Darfur'),
(1186, 207, 'Shamal Kurdufan'),
(1187, 207, 'Sharq-al-Istiwa\'iyah'),
(1188, 207, 'Sinnar'),
(1189, 207, 'Warab'),
(1190, 207, 'Wilayat al Khartum'),
(1191, 207, 'al-Bahr-al-Ahmar'),
(1192, 207, 'al-Buhayrat'),
(1193, 207, 'al-Jazirah'),
(1194, 207, 'al-Khartum'),
(1195, 207, 'al-Qadarif'),
(1196, 207, 'al-Wahdah'),
(1197, 207, 'an-Nil-al-Abyad'),
(1198, 207, 'an-Nil-al-Azraq'),
(1199, 207, 'ash-Shamaliyah'),
(1200, 208, 'Brokopondo'),
(1201, 208, 'Commewijne'),
(1202, 208, 'Coronie'),
(1203, 208, 'Marowijne'),
(1204, 208, 'Nickerie'),
(1205, 208, 'Para'),
(1206, 208, 'Paramaribo'),
(1207, 208, 'Saramacca'),
(1208, 208, 'Wanica'),
(1209, 209, 'Svalbard'),
(1210, 210, 'Hhohho'),
(1211, 210, 'Lubombo'),
(1212, 210, 'Manzini'),
(1213, 210, 'Shiselweni'),
(1214, 211, 'Alvsborgs Lan'),
(1215, 211, 'Angermanland'),
(1216, 211, 'Blekinge'),
(1217, 211, 'Bohuslan'),
(1218, 211, 'Dalarna'),
(1219, 211, 'Gavleborg'),
(1220, 211, 'Gaza'),
(1221, 211, 'Gotland'),
(1222, 211, 'Halland'),
(1223, 211, 'Jamtland'),
(1224, 211, 'Jonkoping'),
(1225, 211, 'Kalmar'),
(1226, 211, 'Kristianstads'),
(1227, 211, 'Kronoberg'),
(1228, 211, 'Norrbotten'),
(1229, 211, 'Orebro'),
(1230, 211, 'Ostergotland'),
(1231, 211, 'Saltsjo-Boo'),
(1232, 211, 'Skane'),
(1233, 211, 'Smaland'),
(1234, 211, 'Sodermanland'),
(1235, 211, 'Stockholm'),
(1236, 211, 'Uppsala'),
(1237, 211, 'Varmland'),
(1238, 211, 'Vasterbotten'),
(1239, 211, 'Vastergotland'),
(1240, 211, 'Vasternorrland'),
(1241, 211, 'Vastmanland'),
(1242, 211, 'Vastra Gotaland'),
(1243, 212, 'Aargau'),
(1244, 212, 'Appenzell Inner-Rhoden'),
(1245, 212, 'Appenzell-Ausser Rhoden'),
(1246, 212, 'Basel-Landschaft'),
(1247, 212, 'Basel-Stadt'),
(1248, 212, 'Bern'),
(1249, 212, 'Canton Ticino'),
(1250, 212, 'Fribourg'),
(1251, 212, 'Geneve'),
(1252, 212, 'Glarus'),
(1253, 212, 'Graubunden'),
(1254, 212, 'Heerbrugg'),
(1255, 212, 'Jura'),
(1256, 212, 'Kanton Aargau'),
(1257, 212, 'Luzern'),
(1258, 212, 'Morbio Inferiore'),
(1259, 212, 'Muhen'),
(1260, 212, 'Neuchatel'),
(1261, 212, 'Nidwalden'),
(1262, 212, 'Obwalden'),
(1263, 212, 'Sankt Gallen'),
(1264, 212, 'Schaffhausen'),
(1265, 212, 'Schwyz'),
(1266, 212, 'Solothurn'),
(1267, 212, 'Thurgau'),
(1268, 212, 'Ticino'),
(1269, 212, 'Uri'),
(1270, 212, 'Valais'),
(1271, 212, 'Vaud'),
(1272, 212, 'Vauffelin'),
(1273, 212, 'Zug'),
(1274, 212, 'Zurich'),
(1275, 213, 'Aleppo'),
(1276, 213, 'Dar\'a'),
(1277, 213, 'Dayr-az-Zawr'),
(1278, 213, 'Dimashq'),
(1279, 213, 'Halab'),
(1280, 213, 'Hamah'),
(1281, 213, 'Hims'),
(1282, 213, 'Idlib'),
(1283, 213, 'Madinat Dimashq'),
(1284, 213, 'Tartus'),
(1285, 213, 'al-Hasakah'),
(1286, 213, 'al-Ladhiqiyah'),
(1287, 213, 'al-Qunaytirah'),
(1288, 213, 'ar-Raqqah'),
(1289, 213, 'as-Suwayda'),
(1290, 214, 'Changhwa'),
(1291, 214, 'Chiayi Hsien'),
(1292, 214, 'Chiayi Shih'),
(1293, 214, 'Eastern Taipei'),
(1294, 214, 'Hsinchu Hsien'),
(1295, 214, 'Hsinchu Shih'),
(1296, 214, 'Hualien'),
(1297, 214, 'Ilan'),
(1298, 214, 'Kaohsiung Hsien'),
(1299, 214, 'Kaohsiung Shih'),
(1300, 214, 'Keelung Shih'),
(1301, 214, 'Kinmen'),
(1302, 214, 'Miaoli'),
(1303, 214, 'Nantou'),
(1304, 214, 'Northern Taiwan'),
(1305, 214, 'Penghu'),
(1306, 214, 'Pingtung'),
(1307, 214, 'Taichung'),
(1308, 214, 'Taichung Hsien'),
(1309, 214, 'Taichung Shih'),
(1310, 214, 'Tainan Hsien'),
(1311, 214, 'Tainan Shih'),
(1312, 214, 'Taipei Hsien'),
(1313, 214, 'Taipei Shih / Taipei Hsien'),
(1314, 214, 'Taitung'),
(1315, 214, 'Taoyuan'),
(1316, 214, 'Yilan'),
(1317, 214, 'Yun-Lin Hsien'),
(1318, 214, 'Yunlin'),
(1319, 215, 'Dushanbe'),
(1320, 215, 'Gorno-Badakhshan'),
(1321, 215, 'Karotegin'),
(1322, 215, 'Khatlon'),
(1323, 215, 'Sughd'),
(1324, 216, 'Arusha'),
(1325, 216, 'Dar es Salaam'),
(1326, 216, 'Dodoma'),
(1327, 216, 'Iringa'),
(1328, 216, 'Kagera'),
(1329, 216, 'Kigoma'),
(1330, 216, 'Kilimanjaro'),
(1331, 216, 'Lindi'),
(1332, 216, 'Mara'),
(1333, 216, 'Mbeya'),
(1334, 216, 'Morogoro'),
(1335, 216, 'Mtwara'),
(1336, 216, 'Mwanza'),
(1337, 216, 'Pwani'),
(1338, 216, 'Rukwa'),
(1339, 216, 'Ruvuma'),
(1340, 216, 'Shinyanga'),
(1341, 216, 'Singida'),
(1342, 216, 'Tabora'),
(1343, 216, 'Tanga'),
(1344, 216, 'Zanzibar and Pemba'),
(1345, 217, 'Amnat Charoen'),
(1346, 217, 'Ang Thong'),
(1347, 217, 'Bangkok'),
(1348, 217, 'Buri Ram'),
(1349, 217, 'Chachoengsao'),
(1350, 217, 'Chai Nat'),
(1351, 217, 'Chaiyaphum'),
(1352, 217, 'Changwat Chaiyaphum'),
(1353, 217, 'Chanthaburi'),
(1354, 217, 'Chiang Mai'),
(1355, 217, 'Chiang Rai'),
(1356, 217, 'Chon Buri'),
(1357, 217, 'Chumphon'),
(1358, 217, 'Kalasin'),
(1359, 217, 'Kamphaeng Phet'),
(1360, 217, 'Kanchanaburi'),
(1361, 217, 'Khon Kaen'),
(1362, 217, 'Krabi'),
(1363, 217, 'Krung Thep'),
(1364, 217, 'Lampang'),
(1365, 217, 'Lamphun'),
(1366, 217, 'Loei'),
(1367, 217, 'Lop Buri'),
(1368, 217, 'Mae Hong Son'),
(1369, 217, 'Maha Sarakham'),
(1370, 217, 'Mukdahan'),
(1371, 217, 'Nakhon Nayok'),
(1372, 217, 'Nakhon Pathom'),
(1373, 217, 'Nakhon Phanom'),
(1374, 217, 'Nakhon Ratchasima'),
(1375, 217, 'Nakhon Sawan'),
(1376, 217, 'Nakhon Si Thammarat'),
(1377, 217, 'Nan'),
(1378, 217, 'Narathiwat'),
(1379, 217, 'Nong Bua Lam Phu'),
(1380, 217, 'Nong Khai'),
(1381, 217, 'Nonthaburi'),
(1382, 217, 'Pathum Thani'),
(1383, 217, 'Pattani'),
(1384, 217, 'Phangnga'),
(1385, 217, 'Phatthalung'),
(1386, 217, 'Phayao'),
(1387, 217, 'Phetchabun'),
(1388, 217, 'Phetchaburi'),
(1389, 217, 'Phichit'),
(1390, 217, 'Phitsanulok'),
(1391, 217, 'Phra Nakhon Si Ayutthaya'),
(1392, 217, 'Phrae'),
(1393, 217, 'Phuket'),
(1394, 217, 'Prachin Buri'),
(1395, 217, 'Prachuap Khiri Khan'),
(1396, 217, 'Ranong'),
(1397, 217, 'Ratchaburi'),
(1398, 217, 'Rayong'),
(1399, 217, 'Roi Et'),
(1400, 217, 'Sa Kaeo'),
(1401, 217, 'Sakon Nakhon'),
(1402, 217, 'Samut Prakan'),
(1403, 217, 'Samut Sakhon'),
(1404, 217, 'Samut Songkhran'),
(1405, 217, 'Saraburi'),
(1406, 217, 'Satun'),
(1407, 217, 'Si Sa Ket'),
(1408, 217, 'Sing Buri'),
(1409, 217, 'Songkhla'),
(1410, 217, 'Sukhothai'),
(1411, 217, 'Suphan Buri'),
(1412, 217, 'Surat Thani'),
(1413, 217, 'Surin'),
(1414, 217, 'Tak'),
(1415, 217, 'Trang'),
(1416, 217, 'Trat'),
(1417, 217, 'Ubon Ratchathani'),
(1418, 217, 'Udon Thani'),
(1419, 217, 'Uthai Thani'),
(1420, 217, 'Uttaradit'),
(1421, 217, 'Yala'),
(1422, 217, 'Yasothon'),
(1423, 218, 'Centre'),
(1424, 218, 'Kara'),
(1425, 218, 'Maritime'),
(1426, 218, 'Plateaux'),
(1427, 218, 'Savanes'),
(1428, 219, 'Atafu'),
(1429, 219, 'Fakaofo'),
(1430, 219, 'Nukunonu'),
(1431, 220, 'Eua'),
(1432, 220, 'Ha\'apai'),
(1433, 220, 'Niuas'),
(1434, 220, 'Tongatapu'),
(1435, 220, 'Vava\'u'),
(1436, 221, 'Arima-Tunapuna-Piarco'),
(1437, 221, 'Caroni'),
(1438, 221, 'Chaguanas'),
(1439, 221, 'Couva-Tabaquite-Talparo'),
(1440, 221, 'Diego Martin'),
(1441, 221, 'Glencoe'),
(1442, 221, 'Penal Debe'),
(1443, 221, 'Point Fortin'),
(1444, 221, 'Port of Spain'),
(1445, 221, 'Princes Town'),
(1446, 221, 'Saint George'),
(1447, 221, 'San Fernando'),
(1448, 221, 'San Juan'),
(1449, 221, 'Sangre Grande'),
(1450, 221, 'Siparia'),
(1451, 221, 'Tobago'),
(1452, 222, 'Aryanah'),
(1453, 222, 'Bajah'),
(1454, 222, 'Bin \'Arus'),
(1455, 222, 'Binzart'),
(1456, 222, 'Gouvernorat de Ariana'),
(1457, 222, 'Gouvernorat de Nabeul'),
(1458, 222, 'Gouvernorat de Sousse'),
(1459, 222, 'Hammamet Yasmine'),
(1460, 222, 'Jundubah'),
(1461, 222, 'Madaniyin'),
(1462, 222, 'Manubah'),
(1463, 222, 'Monastir'),
(1464, 222, 'Nabul'),
(1465, 222, 'Qabis'),
(1466, 222, 'Qafsah'),
(1467, 222, 'Qibili'),
(1468, 222, 'Safaqis'),
(1469, 222, 'Sfax'),
(1470, 222, 'Sidi Bu Zayd'),
(1471, 222, 'Silyanah'),
(1472, 222, 'Susah'),
(1473, 222, 'Tatawin'),
(1474, 222, 'Tawzar'),
(1475, 222, 'Tunis'),
(1476, 222, 'Zaghwan'),
(1477, 222, 'al-Kaf'),
(1478, 222, 'al-Mahdiyah'),
(1479, 222, 'al-Munastir'),
(1480, 222, 'al-Qasrayn'),
(1481, 222, 'al-Qayrawan'),
(1482, 223, 'Adana'),
(1483, 223, 'Adiyaman'),
(1484, 223, 'Afyon'),
(1485, 223, 'Agri'),
(1486, 223, 'Aksaray'),
(1487, 223, 'Amasya'),
(1488, 223, 'Ankara'),
(1489, 223, 'Antalya'),
(1490, 223, 'Ardahan'),
(1491, 223, 'Artvin'),
(1492, 223, 'Aydin'),
(1493, 223, 'Balikesir'),
(1494, 223, 'Bartin'),
(1495, 223, 'Batman'),
(1496, 223, 'Bayburt'),
(1497, 223, 'Bilecik'),
(1498, 223, 'Bingol'),
(1499, 223, 'Bitlis'),
(1500, 223, 'Bolu'),
(1501, 223, 'Burdur'),
(1502, 223, 'Bursa'),
(1503, 223, 'Canakkale'),
(1504, 223, 'Cankiri'),
(1505, 223, 'Corum'),
(1506, 223, 'Denizli'),
(1507, 223, 'Diyarbakir'),
(1508, 223, 'Duzce'),
(1509, 223, 'Edirne'),
(1510, 223, 'Elazig'),
(1511, 223, 'Erzincan'),
(1512, 223, 'Erzurum'),
(1513, 223, 'Eskisehir'),
(1514, 223, 'Gaziantep'),
(1515, 223, 'Giresun'),
(1516, 223, 'Gumushane'),
(1517, 223, 'Hakkari'),
(1518, 223, 'Hatay'),
(1519, 223, 'Icel'),
(1520, 223, 'Igdir'),
(1521, 223, 'Isparta'),
(1522, 223, 'Istanbul'),
(1523, 223, 'Izmir'),
(1524, 223, 'Kahramanmaras'),
(1525, 223, 'Karabuk'),
(1526, 223, 'Karaman'),
(1527, 223, 'Kars'),
(1528, 223, 'Karsiyaka'),
(1529, 223, 'Kastamonu'),
(1530, 223, 'Kayseri'),
(1531, 223, 'Kilis'),
(1532, 223, 'Kirikkale'),
(1533, 223, 'Kirklareli'),
(1534, 223, 'Kirsehir'),
(1535, 223, 'Kocaeli'),
(1536, 223, 'Konya'),
(1537, 223, 'Kutahya'),
(1538, 223, 'Lefkosa'),
(1539, 223, 'Malatya'),
(1540, 223, 'Manisa'),
(1541, 223, 'Mardin'),
(1542, 223, 'Mugla'),
(1543, 223, 'Mus'),
(1544, 223, 'Nevsehir'),
(1545, 223, 'Nigde'),
(1546, 223, 'Ordu'),
(1547, 223, 'Osmaniye'),
(1548, 223, 'Rize'),
(1549, 223, 'Sakarya'),
(1550, 223, 'Samsun'),
(1551, 223, 'Sanliurfa'),
(1552, 223, 'Siirt'),
(1553, 223, 'Sinop'),
(1554, 223, 'Sirnak'),
(1555, 223, 'Sivas'),
(1556, 223, 'Tekirdag'),
(1557, 223, 'Tokat'),
(1558, 223, 'Trabzon'),
(1559, 223, 'Tunceli'),
(1560, 223, 'Usak'),
(1561, 223, 'Van'),
(1562, 223, 'Yalova'),
(1563, 223, 'Yozgat'),
(1564, 223, 'Zonguldak'),
(1565, 224, 'Ahal'),
(1566, 224, 'Asgabat'),
(1567, 224, 'Balkan'),
(1568, 224, 'Dasoguz'),
(1569, 224, 'Lebap'),
(1570, 224, 'Mari'),
(1571, 225, 'Grand Turk'),
(1572, 225, 'South Caicos and East Caicos'),
(1573, 226, 'Funafuti'),
(1574, 226, 'Nanumanga'),
(1575, 226, 'Nanumea'),
(1576, 226, 'Niutao'),
(1577, 226, 'Nui'),
(1578, 226, 'Nukufetau'),
(1579, 226, 'Nukulaelae'),
(1580, 226, 'Vaitupu'),
(1581, 227, 'Central'),
(1582, 227, 'Eastern'),
(1583, 227, 'Northern'),
(1584, 227, 'Western'),
(1585, 228, 'Cherkas\'ka'),
(1586, 228, 'Chernihivs\'ka'),
(1587, 228, 'Chernivets\'ka'),
(1588, 228, 'Crimea'),
(1589, 228, 'Dnipropetrovska'),
(1590, 228, 'Donets\'ka'),
(1591, 228, 'Ivano-Frankivs\'ka'),
(1592, 228, 'Kharkiv'),
(1593, 228, 'Kharkov'),
(1594, 228, 'Khersonska'),
(1595, 228, 'Khmel\'nyts\'ka'),
(1596, 228, 'Kirovohrad'),
(1597, 228, 'Krym'),
(1598, 228, 'Kyyiv'),
(1599, 228, 'Kyyivs\'ka'),
(1600, 228, 'L\'vivs\'ka'),
(1601, 228, 'Luhans\'ka'),
(1602, 228, 'Mykolayivs\'ka'),
(1603, 228, 'Odes\'ka'),
(1604, 228, 'Odessa'),
(1605, 228, 'Poltavs\'ka'),
(1606, 228, 'Rivnens\'ka'),
(1607, 228, 'Sevastopol\''),
(1608, 228, 'Sums\'ka'),
(1609, 228, 'Ternopil\'s\'ka'),
(1610, 228, 'Volyns\'ka'),
(1611, 228, 'Vynnyts\'ka'),
(1612, 228, 'Zakarpats\'ka'),
(1613, 228, 'Zaporizhia'),
(1614, 228, 'Zhytomyrs\'ka'),
(1615, 229, 'Abu Zabi'),
(1616, 229, 'Ajman'),
(1617, 229, 'Dubai'),
(1618, 229, 'Ras al-Khaymah'),
(1619, 229, 'Sharjah'),
(1620, 229, 'Sharjha'),
(1621, 229, 'Umm al Qaywayn'),
(1622, 229, 'al-Fujayrah'),
(1623, 229, 'ash-Shariqah'),
(1624, 230, 'Aberdeen'),
(1625, 230, 'Aberdeenshire'),
(1626, 230, 'Argyll'),
(1627, 230, 'Armagh'),
(1628, 230, 'Bedfordshire'),
(1629, 230, 'Belfast'),
(1630, 230, 'Berkshire'),
(1631, 230, 'Birmingham'),
(1632, 230, 'Brechin'),
(1633, 230, 'Bridgnorth'),
(1634, 230, 'Bristol'),
(1635, 230, 'Buckinghamshire'),
(1636, 230, 'Cambridge'),
(1637, 230, 'Cambridgeshire'),
(1638, 230, 'Channel Islands'),
(1639, 230, 'Cheshire'),
(1640, 230, 'Cleveland'),
(1641, 230, 'Co Fermanagh'),
(1642, 230, 'Conwy'),
(1643, 230, 'Cornwall'),
(1644, 230, 'Coventry'),
(1645, 230, 'Craven Arms'),
(1646, 230, 'Cumbria'),
(1647, 230, 'Denbighshire'),
(1648, 230, 'Derby'),
(1649, 230, 'Derbyshire'),
(1650, 230, 'Devon'),
(1651, 230, 'Dial Code Dungannon'),
(1652, 230, 'Didcot'),
(1653, 230, 'Dorset'),
(1654, 230, 'Dunbartonshire'),
(1655, 230, 'Durham'),
(1656, 230, 'East Dunbartonshire'),
(1657, 230, 'East Lothian'),
(1658, 230, 'East Midlands'),
(1659, 230, 'East Sussex'),
(1660, 230, 'East Yorkshire'),
(1661, 230, 'England'),
(1662, 230, 'Essex'),
(1663, 230, 'Fermanagh'),
(1664, 230, 'Fife'),
(1665, 230, 'Flintshire'),
(1666, 230, 'Fulham'),
(1667, 230, 'Gainsborough'),
(1668, 230, 'Glocestershire'),
(1669, 230, 'Gwent'),
(1670, 230, 'Hampshire'),
(1671, 230, 'Hants'),
(1672, 230, 'Herefordshire'),
(1673, 230, 'Hertfordshire'),
(1674, 230, 'Ireland'),
(1675, 230, 'Isle Of Man'),
(1676, 230, 'Isle of Wight'),
(1677, 230, 'Kenford'),
(1678, 230, 'Kent'),
(1679, 230, 'Kilmarnock'),
(1680, 230, 'Lanarkshire'),
(1681, 230, 'Lancashire'),
(1682, 230, 'Leicestershire'),
(1683, 230, 'Lincolnshire'),
(1684, 230, 'Llanymynech'),
(1685, 230, 'London'),
(1686, 230, 'Ludlow'),
(1687, 230, 'Manchester'),
(1688, 230, 'Mayfair'),
(1689, 230, 'Merseyside'),
(1690, 230, 'Mid Glamorgan'),
(1691, 230, 'Middlesex'),
(1692, 230, 'Mildenhall'),
(1693, 230, 'Monmouthshire'),
(1694, 230, 'Newton Stewart'),
(1695, 230, 'Norfolk'),
(1696, 230, 'North Humberside'),
(1697, 230, 'North Yorkshire'),
(1698, 230, 'Northamptonshire'),
(1699, 230, 'Northants'),
(1700, 230, 'Northern Ireland'),
(1701, 230, 'Northumberland'),
(1702, 230, 'Nottinghamshire'),
(1703, 230, 'Oxford'),
(1704, 230, 'Powys'),
(1705, 230, 'Roos-shire'),
(1706, 230, 'SUSSEX'),
(1707, 230, 'Sark'),
(1708, 230, 'Scotland'),
(1709, 230, 'Scottish Borders'),
(1710, 230, 'Shropshire'),
(1711, 230, 'Somerset'),
(1712, 230, 'South Glamorgan'),
(1713, 230, 'South Wales'),
(1714, 230, 'South Yorkshire'),
(1715, 230, 'Southwell'),
(1716, 230, 'Staffordshire'),
(1717, 230, 'Strabane'),
(1718, 230, 'Suffolk'),
(1719, 230, 'Surrey'),
(1720, 230, 'Sussex'),
(1721, 230, 'Twickenham'),
(1722, 230, 'Tyne and Wear'),
(1723, 230, 'Tyrone'),
(1724, 230, 'Utah'),
(1725, 230, 'Wales'),
(1726, 230, 'Warwickshire'),
(1727, 230, 'West Lothian'),
(1728, 230, 'West Midlands'),
(1729, 230, 'West Sussex'),
(1730, 230, 'West Yorkshire'),
(1731, 230, 'Whissendine'),
(1732, 230, 'Wiltshire'),
(1733, 230, 'Wokingham'),
(1734, 230, 'Worcestershire'),
(1735, 230, 'Wrexham'),
(1736, 230, 'Wurttemberg'),
(1737, 230, 'Yorkshire'),
(1738, 231, 'Alabama'),
(1739, 231, 'Alaska'),
(1740, 231, 'Arizona'),
(1741, 231, 'Arkansas'),
(1742, 231, 'Byram'),
(1743, 231, 'California'),
(1744, 231, 'Cokato'),
(1745, 231, 'Colorado'),
(1746, 231, 'Connecticut'),
(1747, 231, 'Delaware'),
(1748, 231, 'District of Columbia'),
(1749, 231, 'Florida'),
(1750, 231, 'Georgia'),
(1751, 231, 'Hawaii'),
(1752, 231, 'Idaho'),
(1753, 231, 'Illinois'),
(1754, 231, 'Indiana'),
(1755, 231, 'Iowa'),
(1756, 231, 'Kansas'),
(1757, 231, 'Kentucky'),
(1758, 231, 'Louisiana'),
(1759, 231, 'Lowa'),
(1760, 231, 'Maine'),
(1761, 231, 'Maryland'),
(1762, 231, 'Massachusetts'),
(1763, 231, 'Medfield'),
(1764, 231, 'Michigan'),
(1765, 231, 'Minnesota'),
(1766, 231, 'Mississippi'),
(1767, 231, 'Missouri'),
(1768, 231, 'Montana'),
(1769, 231, 'Nebraska'),
(1770, 231, 'Nevada'),
(1771, 231, 'New Hampshire'),
(1772, 231, 'New Jersey'),
(1773, 231, 'New Jersy'),
(1774, 231, 'New Mexico'),
(1775, 231, 'New York'),
(1776, 231, 'North Carolina'),
(1777, 231, 'North Dakota'),
(1778, 231, 'Ohio'),
(1779, 231, 'Oklahoma'),
(1780, 231, 'Ontario'),
(1781, 231, 'Oregon'),
(1782, 231, 'Pennsylvania'),
(1783, 231, 'Ramey'),
(1784, 231, 'Rhode Island'),
(1785, 231, 'South Carolina'),
(1786, 231, 'South Dakota'),
(1787, 231, 'Sublimity'),
(1788, 231, 'Tennessee'),
(1789, 231, 'Texas'),
(1790, 231, 'Trimble'),
(1791, 231, 'Utah'),
(1792, 231, 'Vermont'),
(1793, 231, 'Virginia'),
(1794, 231, 'Washington'),
(1795, 231, 'West Virginia'),
(1796, 231, 'Wisconsin'),
(1797, 231, 'Wyoming'),
(1798, 232, 'United States Minor Outlying I'),
(1799, 233, 'Artigas'),
(1800, 233, 'Canelones'),
(1801, 233, 'Cerro Largo'),
(1802, 233, 'Colonia'),
(1803, 233, 'Durazno'),
(1804, 233, 'FLorida'),
(1805, 233, 'Flores'),
(1806, 233, 'Lavalleja'),
(1807, 233, 'Maldonado'),
(1808, 233, 'Montevideo'),
(1809, 233, 'Paysandu'),
(1810, 233, 'Rio Negro'),
(1811, 233, 'Rivera'),
(1812, 233, 'Rocha'),
(1813, 233, 'Salto'),
(1814, 233, 'San Jose'),
(1815, 233, 'Soriano'),
(1816, 233, 'Tacuarembo'),
(1817, 233, 'Treinta y Tres'),
(1818, 234, 'Andijon'),
(1819, 234, 'Buhoro'),
(1820, 234, 'Buxoro Viloyati'),
(1821, 234, 'Cizah'),
(1822, 234, 'Fargona'),
(1823, 234, 'Horazm'),
(1824, 234, 'Kaskadar'),
(1825, 234, 'Korakalpogiston'),
(1826, 234, 'Namangan'),
(1827, 234, 'Navoi'),
(1828, 234, 'Samarkand'),
(1829, 234, 'Sirdare'),
(1830, 234, 'Surhondar'),
(1831, 234, 'Toskent'),
(1832, 235, 'Malampa'),
(1833, 235, 'Penama'),
(1834, 235, 'Sanma'),
(1835, 235, 'Shefa'),
(1836, 235, 'Tafea'),
(1837, 235, 'Torba'),
(1838, 236, 'Vatican City State (Holy See)'),
(1839, 237, 'Amazonas'),
(1840, 237, 'Anzoategui'),
(1841, 237, 'Apure'),
(1842, 237, 'Aragua'),
(1843, 237, 'Barinas'),
(1844, 237, 'Bolivar'),
(1845, 237, 'Carabobo'),
(1846, 237, 'Cojedes'),
(1847, 237, 'Delta Amacuro'),
(1848, 237, 'Distrito Federal'),
(1849, 237, 'Falcon'),
(1850, 237, 'Guarico'),
(1851, 237, 'Lara'),
(1852, 237, 'Merida'),
(1853, 237, 'Miranda'),
(1854, 237, 'Monagas'),
(1855, 237, 'Nueva Esparta'),
(1856, 237, 'Portuguesa'),
(1857, 237, 'Sucre'),
(1858, 237, 'Tachira'),
(1859, 237, 'Trujillo'),
(1860, 237, 'Vargas'),
(1861, 237, 'Yaracuy'),
(1862, 237, 'Zulia'),
(1863, 238, 'Bac Giang'),
(1864, 238, 'Binh Dinh'),
(1865, 238, 'Binh Duong'),
(1866, 238, 'Da Nang'),
(1867, 238, 'Dong Bang Song Cuu Long'),
(1868, 238, 'Dong Bang Song Hong'),
(1869, 238, 'Dong Nai'),
(1870, 238, 'Dong Nam Bo'),
(1871, 238, 'Duyen Hai Mien Trung'),
(1872, 238, 'Hanoi'),
(1873, 238, 'Hung Yen'),
(1874, 238, 'Khu Bon Cu'),
(1875, 238, 'Long An'),
(1876, 238, 'Mien Nui Va Trung Du'),
(1877, 238, 'Thai Nguyen'),
(1878, 238, 'Thanh Pho Ho Chi Minh'),
(1879, 238, 'Thu Do Ha Noi'),
(1880, 238, 'Tinh Can Tho'),
(1881, 238, 'Tinh Da Nang'),
(1882, 238, 'Tinh Gia Lai'),
(1883, 239, 'Anegada'),
(1884, 239, 'Jost van Dyke'),
(1885, 239, 'Tortola'),
(1886, 240, 'Saint Croix'),
(1887, 240, 'Saint John'),
(1888, 240, 'Saint Thomas'),
(1889, 241, 'Alo'),
(1890, 241, 'Singave'),
(1891, 241, 'Wallis'),
(1892, 242, 'Bu Jaydur'),
(1893, 242, 'Wad-adh-Dhahab'),
(1894, 242, 'al-\'Ayun'),
(1895, 242, 'as-Samarah'),
(1896, 243, '\'Adan'),
(1897, 243, 'Abyan'),
(1898, 243, 'Dhamar'),
(1899, 243, 'Hadramaut'),
(1900, 243, 'Hajjah'),
(1901, 243, 'Hudaydah'),
(1902, 243, 'Ibb'),
(1903, 243, 'Lahij'),
(1904, 243, 'Ma\'rib'),
(1905, 243, 'Madinat San\'a'),
(1906, 243, 'Sa\'dah'),
(1907, 243, 'Sana'),
(1908, 243, 'Shabwah'),
(1909, 243, 'Ta\'izz'),
(1910, 243, 'al-Bayda'),
(1911, 243, 'al-Hudaydah'),
(1912, 243, 'al-Jawf'),
(1913, 243, 'al-Mahrah'),
(1914, 243, 'al-Mahwit'),
(1915, 244, 'Central Serbia'),
(1916, 244, 'Kosovo and Metohija'),
(1917, 244, 'Montenegro'),
(1918, 244, 'Republic of Serbia'),
(1919, 244, 'Serbia'),
(1920, 244, 'Vojvodina'),
(1921, 245, 'Central'),
(1922, 245, 'Copperbelt'),
(1923, 245, 'Eastern'),
(1924, 245, 'Luapala'),
(1925, 245, 'Lusaka'),
(1926, 245, 'North-Western'),
(1927, 245, 'Northern'),
(1928, 245, 'Southern'),
(1929, 245, 'Western'),
(1930, 246, 'Bulawayo'),
(1931, 246, 'Harare'),
(1932, 246, 'Manicaland'),
(1933, 246, 'Mashonaland Central'),
(1934, 246, 'Mashonaland East'),
(1935, 246, 'Mashonaland West'),
(1936, 246, 'Masvingo'),
(1937, 246, 'Matabeleland North'),
(1938, 246, 'Matabeleland South'),
(1939, 246, 'Midlands');

-- --------------------------------------------------------

--
-- Table structure for table `banshee_pais`
--

CREATE TABLE `banshee_pais` (
  `pais_id` int(11) NOT NULL,
  `nombre` varchar(45) NOT NULL,
  `codigo` varchar(5) NOT NULL,
  `cod_phone` int(11) NOT NULL
) ENGINE=InnoDB DEFAULT CHARSET=utf8;

--
-- Dumping data for table `banshee_pais`
--

INSERT INTO `banshee_pais` (`pais_id`, `nombre`, `codigo`, `cod_phone`) VALUES
(1, 'Afghanistan', 'AF', 93),
(2, 'Albania', 'AL', 355),
(3, 'Algeria', 'DZ', 213),
(4, 'American Samoa', 'AS', 1684),
(5, 'Andorra', 'AD', 376),
(6, 'Angola', 'AO', 244),
(7, 'Anguilla', 'AI', 1264),
(8, 'Antarctica', 'AQ', 0),
(9, 'Antigua And Barbuda', 'AG', 1268),
(10, 'Argentina', 'AR', 54),
(11, 'Armenia', 'AM', 374),
(12, 'Aruba', 'AW', 297),
(13, 'Australia', 'AU', 61),
(14, 'Austria', 'AT', 43),
(15, 'Azerbaijan', 'AZ', 994),
(16, 'Bahamas The', 'BS', 1242),
(17, 'Bahrain', 'BH', 973),
(18, 'Bangladesh', 'BD', 880),
(19, 'Barbados', 'BB', 1246),
(20, 'Belarus', 'BY', 375),
(21, 'Belgium', 'BE', 32),
(22, 'Belize', 'BZ', 501),
(23, 'Benin', 'BJ', 229),
(24, 'Bermuda', 'BM', 1441),
(25, 'Bhutan', 'BT', 975),
(26, 'Bolivia', 'BO', 591),
(27, 'Bosnia and Herzegovina', 'BA', 387),
(28, 'Botswana', 'BW', 267),
(29, 'Bouvet Island', 'BV', 0),
(30, 'Brazil', 'BR', 55),
(31, 'British Indian Ocean Territory', 'IO', 246),
(32, 'Brunei', 'BN', 673),
(33, 'Bulgaria', 'BG', 359),
(34, 'Burkina Faso', 'BF', 226),
(35, 'Burundi', 'BI', 257),
(36, 'Cambodia', 'KH', 855),
(37, 'Cameroon', 'CM', 237),
(38, 'Canada', 'CA', 1),
(39, 'Cape Verde', 'CV', 238),
(40, 'Cayman Islands', 'KY', 1345),
(41, 'Central African Republic', 'CF', 236),
(42, 'Chad', 'TD', 235),
(43, 'Chile', 'CL', 56),
(44, 'China', 'CN', 86),
(45, 'Christmas Island', 'CX', 61),
(46, 'Cocos (Keeling) Islands', 'CC', 672),
(47, 'Colombia', 'CO', 57),
(48, 'Comoros', 'KM', 269),
(49, 'Congo', 'CG', 242),
(50, 'Congo The Democratic Republic Of The', 'CD', 242),
(51, 'Cook Islands', 'CK', 682),
(52, 'Costa Rica', 'CR', 506),
(53, 'Cote D\'Ivoire (Ivory Coast)', 'CI', 225),
(54, 'Croatia (Hrvatska)', 'HR', 385),
(55, 'Cuba', 'CU', 53),
(56, 'Cyprus', 'CY', 357),
(57, 'Czech Republic', 'CZ', 420),
(58, 'Denmark', 'DK', 45),
(59, 'Djibouti', 'DJ', 253),
(60, 'Dominica', 'DM', 1767),
(61, 'Dominican Republic', 'DO', 1809),
(62, 'East Timor', 'TP', 670),
(63, 'Ecuador', 'EC', 593),
(64, 'Egypt', 'EG', 20),
(65, 'El Salvador', 'SV', 503),
(66, 'Equatorial Guinea', 'GQ', 240),
(67, 'Eritrea', 'ER', 291),
(68, 'Estonia', 'EE', 372),
(69, 'Ethiopia', 'ET', 251),
(70, 'External Territories of Australia', 'XA', 61),
(71, 'Falkland Islands', 'FK', 500),
(72, 'Faroe Islands', 'FO', 298),
(73, 'Fiji Islands', 'FJ', 679),
(74, 'Finland', 'FI', 358),
(75, 'France', 'FR', 33),
(76, 'French Guiana', 'GF', 594),
(77, 'French Polynesia', 'PF', 689),
(78, 'French Southern Territories', 'TF', 0),
(79, 'Gabon', 'GA', 241),
(80, 'Gambia The', 'GM', 220),
(81, 'Georgia', 'GE', 995),
(82, 'Germany', 'DE', 49),
(83, 'Ghana', 'GH', 233),
(84, 'Gibraltar', 'GI', 350),
(85, 'Greece', 'GR', 30),
(86, 'Greenland', 'GL', 299),
(87, 'Grenada', 'GD', 1473),
(88, 'Guadeloupe', 'GP', 590),
(89, 'Guam', 'GU', 1671),
(90, 'Guatemala', 'GT', 502),
(91, 'Guernsey and Alderney', 'XU', 44),
(92, 'Guinea', 'GN', 224),
(93, 'Guinea-Bissau', 'GW', 245),
(94, 'Guyana', 'GY', 592),
(95, 'Haiti', 'HT', 509),
(96, 'Heard and McDonald Islands', 'HM', 0),
(97, 'Honduras', 'HN', 504),
(98, 'Hong Kong S.A.R.', 'HK', 852),
(99, 'Hungary', 'HU', 36),
(100, 'Iceland', 'IS', 354),
(101, 'India', 'IN', 91),
(102, 'Indonesia', 'ID', 62),
(103, 'Iran', 'IR', 98),
(104, 'Iraq', 'IQ', 964),
(105, 'Ireland', 'IE', 353),
(106, 'Israel', 'IL', 972),
(107, 'Italy', 'IT', 39),
(108, 'Jamaica', 'JM', 1876),
(109, 'Japan', 'JP', 81),
(110, 'Jersey', 'XJ', 44),
(111, 'Jordan', 'JO', 962),
(112, 'Kazakhstan', 'KZ', 7),
(113, 'Kenya', 'KE', 254),
(114, 'Kiribati', 'KI', 686),
(115, 'Korea North', 'KP', 850),
(116, 'Korea South', 'KR', 82),
(117, 'Kuwait', 'KW', 965),
(118, 'Kyrgyzstan', 'KG', 996),
(119, 'Laos', 'LA', 856),
(120, 'Latvia', 'LV', 371),
(121, 'Lebanon', 'LB', 961),
(122, 'Lesotho', 'LS', 266),
(123, 'Liberia', 'LR', 231),
(124, 'Libya', 'LY', 218),
(125, 'Liechtenstein', 'LI', 423),
(126, 'Lithuania', 'LT', 370),
(127, 'Luxembourg', 'LU', 352),
(128, 'Macau S.A.R.', 'MO', 853),
(129, 'Macedonia', 'MK', 389),
(130, 'Madagascar', 'MG', 261),
(131, 'Malawi', 'MW', 265),
(132, 'Malaysia', 'MY', 60),
(133, 'Maldives', 'MV', 960),
(134, 'Mali', 'ML', 223),
(135, 'Malta', 'MT', 356),
(136, 'Man (Isle of)', 'XM', 44),
(137, 'Marshall Islands', 'MH', 692),
(138, 'Martinique', 'MQ', 596),
(139, 'Mauritania', 'MR', 222),
(140, 'Mauritius', 'MU', 230),
(141, 'Mayotte', 'YT', 269),
(142, 'Mexico', 'MX', 52),
(143, 'Micronesia', 'FM', 691),
(144, 'Moldova', 'MD', 373),
(145, 'Monaco', 'MC', 377),
(146, 'Mongolia', 'MN', 976),
(147, 'Montserrat', 'MS', 1664),
(148, 'Morocco', 'MA', 212),
(149, 'Mozambique', 'MZ', 258),
(150, 'Myanmar', 'MM', 95),
(151, 'Namibia', 'NA', 264),
(152, 'Nauru', 'NR', 674),
(153, 'Nepal', 'NP', 977),
(154, 'Netherlands Antilles', 'AN', 599),
(155, 'Netherlands The', 'NL', 31),
(156, 'New Caledonia', 'NC', 687),
(157, 'New Zealand', 'NZ', 64),
(158, 'Nicaragua', 'NI', 505),
(159, 'Niger', 'NE', 227),
(160, 'Nigeria', 'NG', 234),
(161, 'Niue', 'NU', 683),
(162, 'Norfolk Island', 'NF', 672),
(163, 'Northern Mariana Islands', 'MP', 1670),
(164, 'Norway', 'NO', 47),
(165, 'Oman', 'OM', 968),
(166, 'Pakistan', 'PK', 92),
(167, 'Palau', 'PW', 680),
(168, 'Palestinian Territory Occupied', 'PS', 970),
(169, 'Panama', 'PA', 507),
(170, 'Papua new Guinea', 'PG', 675),
(171, 'Paraguay', 'PY', 595),
(172, 'Peru', 'PE', 51),
(173, 'Philippines', 'PH', 63),
(174, 'Pitcairn Island', 'PN', 0),
(175, 'Poland', 'PL', 48),
(176, 'Portugal', 'PT', 351),
(177, 'Puerto Rico', 'PR', 1787),
(178, 'Qatar', 'QA', 974),
(179, 'Reunion', 'RE', 262),
(180, 'Romania', 'RO', 40),
(181, 'Russia', 'RU', 70),
(182, 'Rwanda', 'RW', 250),
(183, 'Saint Helena', 'SH', 290),
(184, 'Saint Kitts And Nevis', 'KN', 1869),
(185, 'Saint Lucia', 'LC', 1758),
(186, 'Saint Pierre and Miquelon', 'PM', 508),
(187, 'Saint Vincent And The Grenadines', 'VC', 1784),
(188, 'Samoa', 'WS', 684),
(189, 'San Marino', 'SM', 378),
(190, 'Sao Tome and Principe', 'ST', 239),
(191, 'Saudi Arabia', 'SA', 966),
(192, 'Senegal', 'SN', 221),
(193, 'Serbia', 'RS', 381),
(194, 'Seychelles', 'SC', 248),
(195, 'Sierra Leone', 'SL', 232),
(196, 'Singapore', 'SG', 65),
(197, 'Slovakia', 'SK', 421),
(198, 'Slovenia', 'SI', 386),
(199, 'Smaller Territories of the UK', 'XG', 44),
(200, 'Solomon Islands', 'SB', 677),
(201, 'Somalia', 'SO', 252),
(202, 'South Africa', 'ZA', 27),
(203, 'South Georgia', 'GS', 0),
(204, 'South Sudan', 'SS', 211),
(205, 'Spain', 'ES', 34),
(206, 'Sri Lanka', 'LK', 94),
(207, 'Sudan', 'SD', 249),
(208, 'Suriname', 'SR', 597),
(209, 'Svalbard And Jan Mayen Islands', 'SJ', 47),
(210, 'Swaziland', 'SZ', 268),
(211, 'Sweden', 'SE', 46),
(212, 'Switzerland', 'CH', 41),
(213, 'Syria', 'SY', 963),
(214, 'Taiwan', 'TW', 886),
(215, 'Tajikistan', 'TJ', 992),
(216, 'Tanzania', 'TZ', 255),
(217, 'Thailand', 'TH', 66),
(218, 'Togo', 'TG', 228),
(219, 'Tokelau', 'TK', 690),
(220, 'Tonga', 'TO', 676),
(221, 'Trinidad And Tobago', 'TT', 1868),
(222, 'Tunisia', 'TN', 216),
(223, 'Turkey', 'TR', 90),
(224, 'Turkmenistan', 'TM', 7370),
(225, 'Turks And Caicos Islands', 'TC', 1649),
(226, 'Tuvalu', 'TV', 688),
(227, 'Uganda', 'UG', 256),
(228, 'Ukraine', 'UA', 380),
(229, 'United Arab Emirates', 'AE', 971),
(230, 'United Kingdom', 'GB', 44),
(231, 'United States', 'US', 1),
(232, 'United States Minor Outlying Islands', 'UM', 1),
(233, 'Uruguay', 'UY', 598),
(234, 'Uzbekistan', 'UZ', 998),
(235, 'Vanuatu', 'VU', 678),
(236, 'Vatican City State (Holy See)', 'VA', 39),
(237, 'Venezuela', 'VE', 58),
(238, 'Vietnam', 'VN', 84),
(239, 'Virgin Islands (British)', 'VG', 1284),
(240, 'Virgin Islands (US)', 'VI', 1340),
(241, 'Wallis And Futuna Islands', 'WF', 681),
(242, 'Western Sahara', 'EH', 212),
(243, 'Yemen', 'YE', 967),
(244, 'Yugoslavia', 'YU', 38),
(245, 'Zambia', 'ZM', 260),
(246, 'Zimbabwe', 'ZW', 263);

-- --------------------------------------------------------

--
-- Table structure for table `banshee_vendedor`
--

CREATE TABLE `banshee_vendedor` (
  `vendedor_id` int(11) NOT NULL,
  `documento` int(11) DEFAULT NULL,
  `nombres` varchar(40) DEFAULT NULL,
  `apellidos` varchar(40) DEFAULT NULL,
  `sexo` int(1) DEFAULT NULL,
  `status` int(1) DEFAULT '1',
  `created_at` timestamp NOT NULL DEFAULT CURRENT_TIMESTAMP ON UPDATE CURRENT_TIMESTAMP,
  `updated_at` timestamp NOT NULL DEFAULT '0000-00-00 00:00:00'
) ENGINE=InnoDB DEFAULT CHARSET=utf8;

-- --------------------------------------------------------

--
-- Table structure for table `banshee_visita`
--

CREATE TABLE `banshee_visita` (
  `visita_id` int(11) NOT NULL,
  `vendedor_id` int(11) DEFAULT NULL,
  `cliente_id` int(11) DEFAULT NULL,
  `valor_neto` int(11) DEFAULT NULL,
  `valor_visita` int(11) DEFAULT NULL,
  `observaciones` text,
  `created_at` timestamp NOT NULL DEFAULT CURRENT_TIMESTAMP ON UPDATE CURRENT_TIMESTAMP,
  `updated_at` timestamp NOT NULL DEFAULT '0000-00-00 00:00:00'
) ENGINE=InnoDB DEFAULT CHARSET=utf8;

--
-- Indexes for dumped tables
--

--
-- Indexes for table `banshee_ciudad`
--
ALTER TABLE `banshee_ciudad`
  ADD PRIMARY KEY (`ciudad_id`),
  ADD KEY `departamento_id_idx` (`departamento_id`);

--
-- Indexes for table `banshee_cliente`
--
ALTER TABLE `banshee_cliente`
  ADD PRIMARY KEY (`cliente_id`),
  ADD KEY `coiudad_id_idx` (`ciudad_id`);

--
-- Indexes for table `banshee_departamento`
--
ALTER TABLE `banshee_departamento`
  ADD PRIMARY KEY (`departamento_id`),
  ADD KEY `pais_id_idx` (`pais_id`);

--
-- Indexes for table `banshee_pais`
--
ALTER TABLE `banshee_pais`
  ADD PRIMARY KEY (`pais_id`);

--
-- Indexes for table `banshee_vendedor`
--
ALTER TABLE `banshee_vendedor`
  ADD PRIMARY KEY (`vendedor_id`);

--
-- Indexes for table `banshee_visita`
--
ALTER TABLE `banshee_visita`
  ADD PRIMARY KEY (`visita_id`),
  ADD KEY `vendedor_id_idx` (`vendedor_id`),
  ADD KEY `cliente_id_idx` (`cliente_id`);

--
-- AUTO_INCREMENT for dumped tables
--

--
-- AUTO_INCREMENT for table `banshee_ciudad`
--
ALTER TABLE `banshee_ciudad`
  MODIFY `ciudad_id` int(11) NOT NULL AUTO_INCREMENT, AUTO_INCREMENT=2322;
--
-- AUTO_INCREMENT for table `banshee_cliente`
--
ALTER TABLE `banshee_cliente`
  MODIFY `cliente_id` int(11) NOT NULL AUTO_INCREMENT;
--
-- AUTO_INCREMENT for table `banshee_departamento`
--
ALTER TABLE `banshee_departamento`
  MODIFY `departamento_id` int(11) NOT NULL AUTO_INCREMENT, AUTO_INCREMENT=1940;
--
-- AUTO_INCREMENT for table `banshee_pais`
--
ALTER TABLE `banshee_pais`
  MODIFY `pais_id` int(11) NOT NULL AUTO_INCREMENT, AUTO_INCREMENT=247;
--
-- AUTO_INCREMENT for table `banshee_vendedor`
--
ALTER TABLE `banshee_vendedor`
  MODIFY `vendedor_id` int(11) NOT NULL AUTO_INCREMENT;
--
-- AUTO_INCREMENT for table `banshee_visita`
--
ALTER TABLE `banshee_visita`
  MODIFY `visita_id` int(11) NOT NULL AUTO_INCREMENT;
--
-- Constraints for dumped tables
--

--
-- Constraints for table `banshee_ciudad`
--
ALTER TABLE `banshee_ciudad`
  ADD CONSTRAINT `departamento_id` FOREIGN KEY (`departamento_id`) REFERENCES `banshee_departamento` (`departamento_id`) ON DELETE CASCADE ON UPDATE CASCADE;

--
-- Constraints for table `banshee_cliente`
--
ALTER TABLE `banshee_cliente`
  ADD CONSTRAINT `coiudad_id` FOREIGN KEY (`ciudad_id`) REFERENCES `banshee_ciudad` (`ciudad_id`) ON DELETE CASCADE ON UPDATE CASCADE;

--
-- Constraints for table `banshee_departamento`
--
ALTER TABLE `banshee_departamento`
  ADD CONSTRAINT `pais_id` FOREIGN KEY (`pais_id`) REFERENCES `banshee_pais` (`pais_id`) ON DELETE CASCADE ON UPDATE CASCADE;

--
-- Constraints for table `banshee_visita`
--
ALTER TABLE `banshee_visita`
  ADD CONSTRAINT `cliente_id` FOREIGN KEY (`cliente_id`) REFERENCES `banshee_cliente` (`cliente_id`) ON DELETE CASCADE ON UPDATE CASCADE,
  ADD CONSTRAINT `vendedor_id` FOREIGN KEY (`vendedor_id`) REFERENCES `banshee_vendedor` (`vendedor_id`) ON DELETE CASCADE ON UPDATE CASCADE;
